Workbook

Sheet Resumen
B2: Resumen de Ponderacion y Horas
B4: Curso | C4: 285 - Sistemas Operativos 2
B5: Semestre que aplica | C5: Segundo Semestre 2026
B6: Total de Puntos del Laboratorio
A8: * Esta sección se auto completa al momento en que se llene a la información de la planificación
A9: ** Tomar como base la distribución realizada por el coordinador del area del curso en el documento de criterios y expectativas
A10: Tipo de Actividad | B10: Ponderacion | C10: Horas utilizadas | D10: Aspectos clave que debe abordar | G10: Valor Maximo Recomendado
A11: Actividades durante el peridodo de laboratorio | B11: =S.2!C7+S.3!C7+S.4!C7+S.5!C7+S.6!C7+S.7!C7+S.8!C7+S.9!C7+S.10!C7+S.11!C7 -> 0 | C11: =S.2!C6+S.3!C6+S.4!C6+S.5!C6+S.6!C6+S.7!C6+S.8!C6+S.9!C6+S.10!C6+S.11!C6 -> 1107 | G11: 10
A12: Proyectos | B12: =Proyectos!C6 -> 60 | C12: =Proyectos!C5 -> 50 | D12: (Proyecto único) | G12: 60
A13: Prácticas | B13: 30 | C13: =Practicas!C5 -> 17 | D13: (4 prácticas) | G13: 20
A14: Tareas | B14: 10 | C14: 7 | D14: (3 tareas) | G14: 10
A15: Total | B15: =SUM(B11:B14) -> 100 | C15: =SUM(C11:C14) -> 1181 | D15: Validacion | E15: =IFERROR(__xludf.DUMMYFUNCTION("LET( nombres,A11:A14, p,B11:B14, m,G11:G14, t,SUM(p), exceden, IFERROR(TEXTJOIN(""; "", TRUE, FILTER(nombres&"" (""&p&"">""&m&"")"", p>m)), """"), negs, IF(COUNTIF(p,""<0"")>0, ""Hay valores negativos"", """"), totalmsg, IF(t<>100, ""Total ≠"&" 100 (actual ""&t&"")"", """"), excesomsg, IF(exceden<>"""", ""Exceden: ""&exceden, """"), msg, TEXTJOIN("" | "", TRUE, totalmsg, negs, excesomsg), IF(msg="""", ""✅ Distribución válida"", ""❌ Revisar: ""&msg) )"),"❌ Revisar: Exceden: Prácticas (30>20)") -> ❌ Revisar: Exceden: Prácticas (30>20)

Sheet Competencias
B1: Competencias que se formaran en el Segundo Semestre 2026
B2: Curso | C2: 285 - Sistemas Operativos 2
B3: Semestre que aplica | C3: Segundo Semestre 2026
B5: Competencias relacionadas al perfil del egresado (Especifica) | I5: Competencias relacionadas al perfil del egresado (General)
B6: 1 | C6: Aplica los conocimientos de su disciplina en la elaboración, fundamentación y defensa de argumentos para prevenir y resolver problemas complejos en su campo profesional, identificando y aplicando innovaciones. | I6: 1 | J6: Actualiza permanente sus conocimientos relacionados con TIC en general, apoyándose en las estrategias de aprendizaje apropiadas.
B7: 2 | C7: Demuestra destreza y habilidad en la selección, uso y adaptación de herramientas metodológicas, tecnológicas, equipos especializados y en la lectura e interpretación de datos, pertinentes al contexto de su ejercicio profesional. | I7: 2 | J7: Aplica principios básicos de ingeniería, ciencias de computación y sistemas de información y comunicación, en la formulación y resolución adecuada de problemas complejos.
B8: 3 | C8: Toma decisiones profesionales con base en fundamentos teóricos, datos e información pertinente, válida y confiable. | I8: 3 | J8: Aplica estándares de calidad, eficiencia y seguridad en la implementación adecuada de soluciones de software, hardware y TIC en general.
B11: No | C11: Tipo | D11: Verbo en Presente | E11: Objeto de la acción | G11: [Palabras conectoreas] Herramientas o metodología | H11: [Palabras conectoreas] Condiciones específicas | J11: Nivel
B12: 1 | C12: General | D12: El estudiante describe | E12: la arquitectura y los componentes fundamentales de un Sistema Operativo | G12: analizando la separación entre el espacio de usuario y el espacio de kernel | H12: para establecer las bases conceptuales necesarias para la modificación del sistema. | J12: Recordar
C13: =D12 & " " & E12 & " " &G12& " " &H12& " " -> El estudiante describe la arquitectura y los componentes fundamentales de un Sistema Operativo analizando la separación entre el espacio de usuario y el espacio de kernel para establecer las bases conceptuales necesarias para la modificación del sistema.
B14: 2 | C14: Especifica | D14: El estudiante crea | E14: módulos de monitoreo del sistema | G14: mediante la lectura e interpretación de estructuras internas del kernel | H14: para extraer y exponer métricas de rendimiento como uso de CPU, memoria y procesos activos en tiempo real | J14: Crear
C15: =D14 & " " & E14 & " " &G14& " " &H14& " " -> El estudiante crea módulos de monitoreo del sistema mediante la lectura e interpretación de estructuras internas del kernel para extraer y exponer métricas de rendimiento como uso de CPU, memoria y procesos activos en tiempo real
B16: 3 | C16: Especifica | D16: El estudiante desarrolla | E16: aplicaciones multihilo que gestionan de forma segura el acceso a recursos compartidos | G16: mediante la implementación de la API de PThreads y el uso de primitivas de sincronización como mutexes y semáforos | H16: para evitar condiciones de carrera, asegurar la consistencia de datos y prevenir interbloqueos (deadlocks). | J16: Aplicar
C17: =D16 & " " & E16 & " " &G16& " " &H16& " " -> El estudiante desarrolla aplicaciones multihilo que gestionan de forma segura el acceso a recursos compartidos mediante la implementación de la API de PThreads y el uso de primitivas de sincronización como mutexes y semáforos para evitar condiciones de carrera, asegurar la consistencia de datos y prevenir interbloqueos (deadlocks).
B18: 4 | C18: Especifica | D18: El estudiante analiza | E18: la asignación de memoria física y lógica junto con el mapeo de direcciones en el sistema | G18: mediante el empleo de la MMU, tablas de páginas y algoritmos de reemplazo como FIFO o LRU | H18: para garantizar el aislamiento de procesos, prevenir la fragmentación y minimizar los fallos de página. | J18: Analizar
C19: =D18 & " " & E18 & " " &G18& " " &H18& " " -> El estudiante analiza la asignación de memoria física y lógica junto con el mapeo de direcciones en el sistema mediante el empleo de la MMU, tablas de páginas y algoritmos de reemplazo como FIFO o LRU para garantizar el aislamiento de procesos, prevenir la fragmentación y minimizar los fallos de página.
B20: 5 | C20: General | D20: El estudiante evalúa | E20: las capacidades, limitaciones y características de seguridad de distintos sistemas operativos | G20: mediante la identificación de sus fortalezas, vulnerabilidades conocidas y mecanismos de protección (SELinux, AppArmor, namespaces) | H20: para seleccionarlos y aplicarlos estratégicamente, considerando criterios de seguridad, en proyectos y tareas profesionales. | J20: Evaluar
C21: =D20 & " " & E20 & " " &G20& " " &H20& " " -> El estudiante evalúa las capacidades, limitaciones y características de seguridad de distintos sistemas operativos mediante la identificación de sus fortalezas, vulnerabilidades conocidas y mecanismos de protección (SELinux, AppArmor, namespaces) para seleccionarlos y aplicarlos estratégicamente, considerando criterios de seguridad, en proyectos y tareas profesionales.
B22: 6 | C22: Especifica | D22: El estudiante implementa | E22: nuevas llamadas al sistema (syscalls) y servicios personalizados dentro del núcleo, aplicando buenas prácticas de seguridad | G22: mediante la modificación del código fuente del kernel de Linux, la creación de módulos y el uso seguro de copy_from_user / copy_to_user para prevenir buffer overflows y escaladas de privilegios | H22: para extender la funcionalidad del sistema operativo permitiendo una comunicación eficiente y segura entre el espacio de usuario y el espacio de kernel. | J22: Crear
C23: =D22 & " " & E22 & " " &G22& " " &H22& " " -> El estudiante implementa nuevas llamadas al sistema (syscalls) y servicios personalizados dentro del núcleo, aplicando buenas prácticas de seguridad mediante la modificación del código fuente del kernel de Linux, la creación de módulos y el uso seguro de copy_from_user / copy_to_user para prevenir buffer overflows y escaladas de privilegios para extender la funcionalidad del sistema operativo permitiendo una comunicación eficiente y segura entre el espacio de usuario y el espacio de kernel.
B24: 7 | C24: Especifica | D24: El estudiante diseña | E24: aplicaciones en espacio de usuario | G24: integrando llamadas al sistema y el sistema de archivos /proc | H24: para generar comunicación eficiente entre el kernel y los procesos de usuario expandiendo las capacidades del sistema operativo | J24: Crear
C25: =D24 & " " & E24 & " " &G24& " " &H24& " " -> El estudiante diseña aplicaciones en espacio de usuario integrando llamadas al sistema y el sistema de archivos /proc para generar comunicación eficiente entre el kernel y los procesos de usuario expandiendo las capacidades del sistema operativo | L25: Manual de competencias: https://drive.google.com/file/d/1n5es0M20vXxa7i4eLN7pbgTXc2C1dmCQ/view?usp=sharing
L26: Video de como hacer competencias: https://youtu.be/C8Q9dKo4t-w?si=yErgF_ihe1tsaHM0
B28: Si las competencias son las misma que el semetre anterior compartenos tu opinion de porque no se cambiaron

Sheet Diseño
B2: Diseño de Contenido Curricular
B4: Curso | C4: 285 - Sistemas Operativos 2
B5: semestre que aplica | C5: Segundo Semestre 2026
B8: No. | C8: Competencia | D8: Nombre de la Unidad | E8: Tema | F8: Subtema | G8: Mes | H8: Semana
B9: 1 | C9: El estudiante describe la arquitectura y los componentes fundamentales de un Sistema Operativo analizando la separación entre el espacio de usuario y el espacio de kernel para establecer las bases conceptuales necesarias para la modificación del sistema. | G9: Julio | H9: 1
B10: 2 | C10: El estudiante describe la arquitectura y los componentes fundamentales de un Sistema Operativo analizando la separación entre el espacio de usuario y el espacio de kernel para establecer las bases conceptuales necesarias para la modificación del sistema. | G10: Julio | H10: 1
B11: 3 | C11: El estudiante describe la arquitectura y los componentes fundamentales de un Sistema Operativo analizando la separación entre el espacio de usuario y el espacio de kernel para establecer las bases conceptuales necesarias para la modificación del sistema. | D11: Introducción a los Sistemas Operativos y el Kernel | E11: Fundamentos de Sistemas Operativos | F11: Gestión de recursos de hardware (CPU, Memoria, Almacenamiento). | G11: Julio | H11: 2
B12: 4 | C12: El estudiante describe la arquitectura y los componentes fundamentales de un Sistema Operativo analizando la separación entre el espacio de usuario y el espacio de kernel para establecer las bases conceptuales necesarias para la modificación del sistema. | D12: Introducción a los Sistemas Operativos y el Kernel | E12: Fundamentos de Sistemas Operativos | F12: Tipos de sistemas operativos: por lotes, multiprogramados, multiprocesamiento, multitarea, de red y distribuidos. | G12: Julio | H12: 2
B13: 5 | C13: El estudiante describe la arquitectura y los componentes fundamentales de un Sistema Operativo analizando la separación entre el espacio de usuario y el espacio de kernel para establecer las bases conceptuales necesarias para la modificación del sistema. | D13: Introducción a los Sistemas Operativos y el Kernel | E13: Ecosistema GNU/Linux | F13: Filosofía de software libre y código abierto. | G13: Julio | H13: 2
B14: 6 | C14: El estudiante describe la arquitectura y los componentes fundamentales de un Sistema Operativo analizando la separación entre el espacio de usuario y el espacio de kernel para establecer las bases conceptuales necesarias para la modificación del sistema. | D14: Introducción a los Sistemas Operativos y el Kernel | E14: Ecosistema GNU/Linux | F14: Diferencia entre el kernel de Linux y el sistema operativo GNU. | G14: Julio | H14: 2
B15: 7 | C15: El estudiante describe la arquitectura y los componentes fundamentales de un Sistema Operativo analizando la separación entre el espacio de usuario y el espacio de kernel para establecer las bases conceptuales necesarias para la modificación del sistema. | D15: Introducción a los Sistemas Operativos y el Kernel | E15: Arquitectura del Kernel | F15: Estructura del código fuente del kernel. | G15: Julio | H15: 2
B16: 8 | C16: El estudiante describe la arquitectura y los componentes fundamentales de un Sistema Operativo analizando la separación entre el espacio de usuario y el espacio de kernel para establecer las bases conceptuales necesarias para la modificación del sistema. | D16: Introducción a los Sistemas Operativos y el Kernel | E16: Arquitectura del Kernel | F16: Escribir y compilar módulos del kernel (LKM). | G16: Julio | H16: 2
B17: 9 | C17: El estudiante describe la arquitectura y los componentes fundamentales de un Sistema Operativo analizando la separación entre el espacio de usuario y el espacio de kernel para establecer las bases conceptuales necesarias para la modificación del sistema. | D17: Introducción a los Sistemas Operativos y el Kernel | E17: Arquitectura del Kernel | F17: Carga y descarga de módulos dinámicos. | G17: Julio | H17: 2
B18: 10 | C18: El estudiante implementa nuevas llamadas al sistema (syscalls) y servicios personalizados dentro del núcleo, aplicando buenas prácticas de seguridad mediante la modificación del código fuente del kernel de Linux, la creación de módulos y el uso seguro de copy_from_user / copy_to_user para prevenir buffer overflows y escaladas de privilegios para extender la funcionalidad del sistema operativo permitiendo una comunicación eficiente y segura entre el espacio de usuario y el espacio de kernel. | D18: Personalización del Kernel y Llamadas al Sistema | E18: Gestión Avanzada del Kernel | F18: Obtención y configuración del código fuente. | G18: Julio | H18: 3
B19: 11 | C19: El estudiante implementa nuevas llamadas al sistema (syscalls) y servicios personalizados dentro del núcleo, aplicando buenas prácticas de seguridad mediante la modificación del código fuente del kernel de Linux, la creación de módulos y el uso seguro de copy_from_user / copy_to_user para prevenir buffer overflows y escaladas de privilegios para extender la funcionalidad del sistema operativo permitiendo una comunicación eficiente y segura entre el espacio de usuario y el espacio de kernel. | D19: Personalización del Kernel y Llamadas al Sistema | E19: Gestión Avanzada del Kernel | F19: Proceso de personalización, compilación e instalación. | G19: Julio | H19: 3
B20: 12 | C20: El estudiante implementa nuevas llamadas al sistema (syscalls) y servicios personalizados dentro del núcleo, aplicando buenas prácticas de seguridad mediante la modificación del código fuente del kernel de Linux, la creación de módulos y el uso seguro de copy_from_user / copy_to_user para prevenir buffer overflows y escaladas de privilegios para extender la funcionalidad del sistema operativo permitiendo una comunicación eficiente y segura entre el espacio de usuario y el espacio de kernel. | D20: Personalización del Kernel y Llamadas al Sistema | E20: Gestión Avanzada del Kernel | F20: Depuración y prueba de versiones personalizadas del kernel. | G20: Julio | H20: 3
B21: 13 | C21: El estudiante implementa nuevas llamadas al sistema (syscalls) y servicios personalizados dentro del núcleo, aplicando buenas prácticas de seguridad mediante la modificación del código fuente del kernel de Linux, la creación de módulos y el uso seguro de copy_from_user / copy_to_user para prevenir buffer overflows y escaladas de privilegios para extender la funcionalidad del sistema operativo permitiendo una comunicación eficiente y segura entre el espacio de usuario y el espacio de kernel. | D21: Personalización del Kernel y Llamadas al Sistema | E21: Llamadas al Sistema (Syscalls) | F21: Definición y función de la interfaz entre usuario y kernel. | G21: Julio | H21: 3
B22: 14 | C22: El estudiante implementa nuevas llamadas al sistema (syscalls) y servicios personalizados dentro del núcleo, aplicando buenas prácticas de seguridad mediante la modificación del código fuente del kernel de Linux, la creación de módulos y el uso seguro de copy_from_user / copy_to_user para prevenir buffer overflows y escaladas de privilegios para extender la funcionalidad del sistema operativo permitiendo una comunicación eficiente y segura entre el espacio de usuario y el espacio de kernel. | D22: Personalización del Kernel y Llamadas al Sistema | E22: Llamadas al Sistema (Syscalls) | F22: Flujo de ejecución de una llamada al sistema. | G22: Julio | H22: 3
... B78: 70 | C78: El estudiante evalúa las capacidades, limitaciones y características de seguridad de distintos sistemas operativos mediante la identificación de sus fortalezas, vulnerabilidades conocidas y mecanismos de protección (SELinux, AppArmor, namespaces) para seleccionarlos y aplicarlos estratégicamente, considerando criterios de seguridad, en proyectos y tareas profesionales. | D78: Evaluación y Tendencias de Sistemas Operativos | E78: Criterios de Selección | F78: Rendimiento, seguridad y mantenibilidad como ejes para elegir un SO en proyectos de ingeniería. | G78: Noviembre | H78: 11
B79: 71
B80: 72
B81: 73
B82: 74
B83: 75
B84: 76
B85: 77
B86: 78
B87: 79
B88: 80
B89: 81
B90: 82
... B108: 100

Sheet Semana Diagnostico
B2: Diseño de Contenido Curricular
B4: Curso | C4: ='Diseño'!C4 -> 285 - Sistemas Operativos 2
B5: Semana | C5: 1
B6: Tiempo | C6: =B15+B22+B29+B41+B47+C48 -> 100
K8: Estos puntos son recomendaciones de los puntos a tratar durante tu presentacion, si no usaras estos eres libre de agregar mas filas para indicar que haras. En los recuadros de la derecha colocar breve resumen de lo que planeas decir. No debes ser muy especifico seran pequeñas anotaciones que te ayudaran a recordar lo que planeaste
A9: 1. Bienvenida y Presentación | G9: Tiempo Aproximado | H9: =B15 -> 15
G10: No puedes excederte mas de 15 minutos
A11: Nombre y Formacion Academica | B11: Explicar en que semestre me encuentro, que cursos llevo
A12: Experiencia docente y profecional | B12: Explicar cuantos semestres de auxiliatura llevo, si tengo alguna otra experiencia enseñando o trabajando en mi area
A13: Rol del auxiliar dentro del curso (funciones, actividades y apoyo a los estudiantes). | B13: Explicar mi rol, que hare durante el semestre, como contactarme, como resolver dudas
A14: Expectativas sobre la dinámica del curso | B14: Explicar que se aprendera en el curso
A15: Tiempo que emplearas | B15: 15
A18: 2. Evaluación de Conocimientos Previos | G18: Tiempo Aproximado | H18: =B22 -> 25
G19: No puedes excederte mas de 45 minutos | K19: En los recuadors de la derecha deberas colocar las preguntas que planeas realizar con sus respectivas respuestas. En el segundo recuadro deberas colocar un breve resumne de lo que tines planificado para la parte practica del curso previo al que estas impartiendo.
A20: Redactaras de 15 a 20 preguntas con sus respectivas respuestas , por lo que debes escoge los temas que evaluaras | B20: https://create.kahoot.it/details/diagnostico-conocimientos-previos-2026/f13fafb9-0a1d-4e66-8192-1694223750f4?drawer=
A21: Redactaras una parte practica para realizar la evaluacion de conocimientos previos | B21: Se realizaran ejemplos guiados durante las clases y se dejaran practicas que permitan progresivamente preparlos para el proyecto
A22: Tiempo que emplearas | B22: 25
A25: 3. Presentación de los Estudiantes | G25: Tiempo Aproximado | H25: =B29 -> 30
G26: No puedes excederte mas de 30 minutos
A27: Seleccion al Azar de 5 Estudiantes | B27: Se dara oportunidad de presentarse voluntariamente o se escogera al azar en base a la lista de conectados de meet | K27: En el primer recuadro colocaras la metodollogia que adoptaras para la eleccion de los estudiantes. En el segundo recuadro colocaras la redaccion de las preguntas que comprendan los siguientes puntos respecto al estudiante: Nombre. Intereses y expectativas sobre el curso. Experiencia previa relacionada con el curso (si aplica). Un dato curioso sobre sí mismo. Consideras que la prueba de conociminetos previos esta acorde al conocimiento que se te brindo en su momento Que tan comodo se sintio con la prueba anterior.
A28: Indica las preguntas que responderan los estudiantes afortunados | B28: Cual es su nombre, si tienen alguna experiencia laborar, y su expectativa o idea de lo que tratara el curso
A29: Tiempo que emplearas | B29: 30
A32: 4. Senso de Horarios de Calificación | G32: Tiempo Aproximado | H32: 5
A33: Deberas estar recordando que deben contestar el formulario asi mismo dejar el link fijado en la llamada | G33: Esta actividad quedara abierta hasta el fin de la clase. pero emplearas 5 min especificos para la actividad
A34: Link de google forms donde este el cuestionario | B34: https://forms.gle/8tLjYX5xEFWWcoKBA | K34: Esta actividad te ayudara a realizar un senso de posibles horarios de calificacion y que tus estudiantes esten enterados y puedan preveer los dias de calificacion y asi mismo el horario. Deberas colocar en los reacuadros de la derecha link de Google form libre para correos intitucionales, esto para garantizar una sola respuesta por estudiante. TAmbien deberas colocar los posibles horarios y dias que tentativamente tendrias disponibles. para colocarlos en el google form.
A35: Dias y posibles Horarios de calificacion | B35: Lunes, Martes, Miercoles, Jueves, Viernes y Sábado, de 7:00 hrs a 17:00 hrs
A36: Tiempo que emplearas | B36: 5
A39: 5. Mostrar Programa del Curso | G39: Tiempo Aproximado | H39: =B41 -> 15
G40: No puedes excederte mas de 30 minutos
A41: Tiempo que emplearas | B41: 15
A44: 6. Evaluación de Conocimientos del Curso Actual | G44: Tiempo Aproximado | H44: =B47 -> 15
G45: No puedes excederte mas de 15 minutos
A46: Redactaras 20 preguntas con sus respectivas respuestas | B46: https://create.kahoot.it/details/diagnostico-conocimientos-nuevos-2026/8e029290-68cc-4c5a-8244-75521d44627a?drawer=
A47: Tiempo que emplearas | B47: 15

Sheet S.2
B2: Diseño de la Sesión de Laboratorio
B4: Curso | C4: ='Diseño'!C4 -> 285 - Sistemas Operativos 2
B5: Semana | C5: 2
B6: Tiempo | C6: =H10+H21+H44+H68 -> 110
B7: Ponderación | C7: =B49+B60 -> 0
B8: Validación de Tiempo | C8: =IF(H44<=0, "❌ ERROR: La Actividad 1 debe tener un tiempo mayor a 0.", IF(H21>60, "❌ ERROR: El 'Área de Conocimiento' no puede exceder los 60 min.", IF((H10+H21+H44)<100, "❌ ERROR: El tiempo total debe ser de al menos 100 min.", "✅ VALIDACIÓN CORRECTA"))) -> ✅ VALIDACIÓN CORRECTA
A10: 1. Área Actitudinal (Saber Ser) | G10: Tiempo Aproximado | H10: =B13 -> 3
G11: Tiene que estar en un rango de 3 a 5 minutos
A12: Nombre del Valor | B12: Responsabilidad
A13: Tiempo Aproximado | B13: 3
A14: Descripcion
A15: Compromiso ético y profesional que asume el estudiante al interactuar con software de código abierto y sistemas críticos.
A17: Como se relaciona con los conocimientos de la sesion y se aplicaria
A18: Durante esta sesión se introduce la escritura y compilación de módulos del kernel (LKM). Debido a que se manipula el código fuente de un sistema operativo real (Linux), cualquier error o mala intención puede comprometer la integridad del hardware o la seguridad de los datos.
A21: 2. Área Conocimiento (Saber) | G21: Tiempo Aproximado | H21: =SUM(D39:H42) -> 57
G22: No puede exceder los 60 minutos
A23: Competencia a desarrollar | B23: El estudiante describe la arquitectura y los componentes fundamentales de un Sistema Operativo analizando la separación entre el espacio de usuario y el espacio de kernel para establecer las bases conceptuales necesarias para la modificación del sistema.
A24: Competencia a desarrollar
A26: 2.1 Contenido
A27: No. | B27: Unidad | D27: Tema | F27: Sub Tema
A28: 1 | B28: =IFERROR(__xludf.DUMMYFUNCTION("FILTER('Diseño'!D:D,'Diseño'!H:H=$C$5)"),"Introducción a los Sistemas Operativos y el Kernel") -> Introducción a los Sistemas Operativos y el Kernel | D28: =IFERROR(__xludf.DUMMYFUNCTION("FILTER('Diseño'!E:E,'Diseño'!H:H=$C$5)"),"Fundamentos de Sistemas Operativos") -> Fundamentos de Sistemas Operativos | F28: =IFERROR(__xludf.DUMMYFUNCTION("FILTER('Diseño'!F:F,'Diseño'!H:H=$C$5)"),"Gestión de recursos de hardware (CPU, Memoria, Almacenamiento).") -> Gestión de recursos de hardware (CPU, Memoria, Almacenamiento).
A29: 2 | B29: =IFERROR(__xludf.DUMMYFUNCTION("""COMPUTED_VALUE"""),"Introducción a los Sistemas Operativos y el Kernel") -> Introducción a los Sistemas Operativos y el Kernel | D29: =IFERROR(__xludf.DUMMYFUNCTION("""COMPUTED_VALUE"""),"Fundamentos de Sistemas Operativos") -> Fundamentos de Sistemas Operativos | F29: =IFERROR(__xludf.DUMMYFUNCTION("""COMPUTED_VALUE"""),"Tipos de sistemas operativos: por lotes, multiprogramados, multiprocesamiento, multitarea, de red y distribuidos.") -> Tipos de sistemas operativos: por lotes, multiprogramados, multiprocesamiento, multitarea, de red y distribuidos.
A30: 3 | B30: =IFERROR(__xludf.DUMMYFUNCTION("""COMPUTED_VALUE"""),"Introducción a los Sistemas Operativos y el Kernel") -> Introducción a los Sistemas Operativos y el Kernel | D30: =IFERROR(__xludf.DUMMYFUNCTION("""COMPUTED_VALUE"""),"Ecosistema GNU/Linux") -> Ecosistema GNU/Linux | F30: =IFERROR(__xludf.DUMMYFUNCTION("""COMPUTED_VALUE"""),"Filosofía de software libre y código abierto.") -> Filosofía de software libre y código abierto.
A31: 4 | B31: =IFERROR(__xludf.DUMMYFUNCTION("""COMPUTED_VALUE"""),"Introducción a los Sistemas Operativos y el Kernel") -> Introducción a los Sistemas Operativos y el Kernel | D31: =IFERROR(__xludf.DUMMYFUNCTION("""COMPUTED_VALUE"""),"Ecosistema GNU/Linux") -> Ecosistema GNU/Linux | F31: =IFERROR(__xludf.DUMMYFUNCTION("""COMPUTED_VALUE"""),"Diferencia entre el kernel de Linux y el sistema operativo GNU.") -> Diferencia entre el kernel de Linux y el sistema operativo GNU.
A32: 5 | B32: =IFERROR(__xludf.DUMMYFUNCTION("""COMPUTED_VALUE"""),"Introducción a los Sistemas Operativos y el Kernel") -> Introducción a los Sistemas Operativos y el Kernel | D32: =IFERROR(__xludf.DUMMYFUNCTION("""COMPUTED_VALUE"""),"Arquitectura del Kernel") -> Arquitectura del Kernel | F32: =IFERROR(__xludf.DUMMYFUNCTION("""COMPUTED_VALUE"""),"Estructura del código fuente del kernel.") -> Estructura del código fuente del kernel.
A33: 6 | B33: =IFERROR(__xludf.DUMMYFUNCTION("""COMPUTED_VALUE"""),"Introducción a los Sistemas Operativos y el Kernel") -> Introducción a los Sistemas Operativos y el Kernel | D33: =IFERROR(__xludf.DUMMYFUNCTION("""COMPUTED_VALUE"""),"Arquitectura del Kernel") -> Arquitectura del Kernel | F33: =IFERROR(__xludf.DUMMYFUNCTION("""COMPUTED_VALUE"""),"Escribir y compilar módulos del kernel (LKM).") -> Escribir y compilar módulos del kernel (LKM).
A34: 7 | B34: =IFERROR(__xludf.DUMMYFUNCTION("""COMPUTED_VALUE"""),"Introducción a los Sistemas Operativos y el Kernel") -> Introducción a los Sistemas Operativos y el Kernel | D34: =IFERROR(__xludf.DUMMYFUNCTION("""COMPUTED_VALUE"""),"Arquitectura del Kernel") -> Arquitectura del Kernel | F34: =IFERROR(__xludf.DUMMYFUNCTION("""COMPUTED_VALUE"""),"Carga y descarga de módulos dinámicos.") -> Carga y descarga de módulos dinámicos.
A36: 2.2 Recursos Educativos
A38: Tipo de Recurso a utilizar | B38: Tipo | C38: Valor maximo recomendado en Minutos | D38: Tiempo Aproximado ( unicamente el valor de minutos ) | I38: Validacion
A39: Presentacion | B39: Obligatorio | C39: 30 | D39: 30 | I39: =IF(D39<=C39,"Correcto", "Corregir") -> Correcto
A40: Video | B40: Obligatorio | C40: 6 | D40: 2 | I40: =IF(D40<=C40,"Correcto", "Corregir") -> Correcto
A41: Lectura | B41: Optativo | C41: 10 | D41: 0 | I41: =IF(D41<=C41,"Correcto", "Corregir") -> Correcto
A42: Ejercicio Demostrativo | B42: Obligatorio | C42: 30 | D42: 25 | I42: =IF(D42<=C42,"Correcto", "Corregir") -> Correcto
A44: 3. Área de Habilidades (Saber Hacer) | G44: Tiempo Aproximado | H44: =B50 -> 40
G45: Tiene que estar en un rango de 30 a 50 minutos
A46: Actividad 1 (Obligatoria)
A47: Competencia que predomina en la actividad | B47: El estudiante describe la arquitectura y los componentes fundamentales de un Sistema Operativo analizando la separación entre el espacio de usuario y el espacio de kernel para establecer las bases conceptuales necesarias para la modificación del sistema.
A48: Tipo de Actividad | B48: Cuestionario
A49: Ponderación | B49: 0
A50: Tiempo Aproximado | B50: 40
A51: Coloca el tiempo que usar en la actividad, un tiempo sugerido 30 minutos
A52: Descripcion de la Actividad
A53: Examen corto de opción múltiples sobre los tipos de sistemas operativos y la filosofía del código abierto.
A57: Actividad 2 (Optativa puedes hacerla si lo consideras apropiado)
A58: Competencia que predomina en la actividad
A59: Tipo de Actividad
A60: Ponderación
A61: Tiempo Aproximado
A62: Coloca el tiempo que usar en la actividad, un tiempo sugerido 20 minutos
A63: Descripcion de la Actividad
A68: 3. Cierre | G68: Tiempo Aproximado | H68: =B70 -> 10
G69: Tiene que estar en un rango de 10 a 15 minutos
A70: Tiempo Aproximado | B70: 10
A71: Asignacion de Actividades
A72: Resolución de dudas
A74: Resuelve alguna duda, asigna las actividades que deben realizar, dudas de proyectos, etc

Sheet S.3
B2: Diseño de la Sesión de Laboratorio
B4: Curso | C4: ='Diseño'!C4 -> 285 - Sistemas Operativos 2
B5: Semana | C5: 3
B6: Tiempo | C6: =H10+H21+H44+H68 -> 110
B7: Ponderación | C7: =B49+B60 -> 0
B8: Validación de Tiempo | C8: =IF(H44<=0, "❌ ERROR: La Actividad 1 debe tener un tiempo mayor a 0.", IF(H21>60, "❌ ERROR: El 'Área de Conocimiento' no puede exceder los 60 min.", IF((H10+H21+H44)<100, "❌ ERROR: El tiempo total debe ser de al menos 100 min.", "✅ VALIDACIÓN CORRECTA"))) -> ✅ VALIDACIÓN CORRECTA
A10: 1. Área Actitudinal (Saber Ser) | G10: Tiempo Aproximado | H10: =B13 -> 3
G11: Tiene que estar en un rango de 3 a 5 minutos
A12: Nombre del Valor | B12: Pensamiento Crítico
A13: Tiempo Aproximado | B13: 3
A14: Descripcion
A15: Capacidad de cuestionar y analizar profundamente la estructura del software base.
A17: Como se relaciona con los conocimientos de la sesion y se aplicaria
A18: Se relaciona con la exploración y modificación del código del kernel de Linux, donde el estudiante debe decidir con criterio qué funcionalidades alterar para adaptar el sistema.
A21: 2. Área Conocimiento (Saber) | G21: Tiempo Aproximado | H21: =SUM(D39:H42) -> 60
G22: No puede exceder los 60 minutos
A23: Competencia a desarrollar | B23: El estudiante implementa nuevas llamadas al sistema (syscalls) y servicios personalizados dentro del núcleo mediante la modificación del código fuente del kernel de Linux y la creación de módulos para extender la funcionalidad del sistema operativo y permitir una comunicación eficiente y segura entre el espacio de usuario y el espacio de kernel.
A24: Competencia a desarrollar | B24: El estudiante describe la arquitectura y los componentes fundamentales de un Sistema Operativo analizando la separación entre el espacio de usuario y el espacio de kernel para establecer las bases conceptuales necesarias para la modificación del sistema.
A26: 2.1 Contenido
A27: No. | B27: Unidad | D27: Tema | F27: Sub Tema
A28: 1 | B28: =IFERROR(__xludf.DUMMYFUNCTION("FILTER('Diseño'!D:D,'Diseño'!H:H=$C$5)"),"Personalización del Kernel y Llamadas al Sistema") -> Personalización del Kernel y Llamadas al Sistema | D28: =IFERROR(__xludf.DUMMYFUNCTION("FILTER('Diseño'!E:E,'Diseño'!H:H=$C$5)"),"Gestión Avanzada del Kernel") -> Gestión Avanzada del Kernel | F28: =IFERROR(__xludf.DUMMYFUNCTION("FILTER('Diseño'!F:F,'Diseño'!H:H=$C$5)"),"Obtención y configuración del código fuente.") -> Obtención y configuración del código fuente.
A29: 2 | B29: =IFERROR(__xludf.DUMMYFUNCTION("""COMPUTED_VALUE"""),"Personalización del Kernel y Llamadas al Sistema") -> Personalización del Kernel y Llamadas al Sistema | D29: =IFERROR(__xludf.DUMMYFUNCTION("""COMPUTED_VALUE"""),"Gestión Avanzada del Kernel") -> Gestión Avanzada del Kernel | F29: =IFERROR(__xludf.DUMMYFUNCTION("""COMPUTED_VALUE"""),"Proceso de personalización, compilación e instalación.") -> Proceso de personalización, compilación e instalación.
A30: 3 | B30: =IFERROR(__xludf.DUMMYFUNCTION("""COMPUTED_VALUE"""),"Personalización del Kernel y Llamadas al Sistema") -> Personalización del Kernel y Llamadas al Sistema | D30: =IFERROR(__xludf.DUMMYFUNCTION("""COMPUTED_VALUE"""),"Gestión Avanzada del Kernel") -> Gestión Avanzada del Kernel | F30: =IFERROR(__xludf.DUMMYFUNCTION("""COMPUTED_VALUE"""),"Depuración y prueba de versiones personalizadas del kernel.") -> Depuración y prueba de versiones personalizadas del kernel.
A31: 4 | B31: =IFERROR(__xludf.DUMMYFUNCTION("""COMPUTED_VALUE"""),"Personalización del Kernel y Llamadas al Sistema") -> Personalización del Kernel y Llamadas al Sistema | D31: =IFERROR(__xludf.DUMMYFUNCTION("""COMPUTED_VALUE"""),"Llamadas al Sistema (Syscalls)") -> Llamadas al Sistema (Syscalls) | F31: =IFERROR(__xludf.DUMMYFUNCTION("""COMPUTED_VALUE"""),"Definición y función de la interfaz entre usuario y kernel.") -> Definición y función de la interfaz entre usuario y kernel.
A32: 5 | B32: =IFERROR(__xludf.DUMMYFUNCTION("""COMPUTED_VALUE"""),"Personalización del Kernel y Llamadas al Sistema") -> Personalización del Kernel y Llamadas al Sistema | D32: =IFERROR(__xludf.DUMMYFUNCTION("""COMPUTED_VALUE"""),"Llamadas al Sistema (Syscalls)") -> Llamadas al Sistema (Syscalls) | F32: =IFERROR(__xludf.DUMMYFUNCTION("""COMPUTED_VALUE"""),"Flujo de ejecución de una llamada al sistema.") -> Flujo de ejecución de una llamada al sistema.
A33: 6 | B33: =IFERROR(__xludf.DUMMYFUNCTION("""COMPUTED_VALUE"""),"Personalización del Kernel y Llamadas al Sistema") -> Personalización del Kernel y Llamadas al Sistema | D33: =IFERROR(__xludf.DUMMYFUNCTION("""COMPUTED_VALUE"""),"Llamadas al Sistema (Syscalls)") -> Llamadas al Sistema (Syscalls) | F33: =IFERROR(__xludf.DUMMYFUNCTION("""COMPUTED_VALUE"""),"Llamadas comunes para gestión de procesos: fork(), exec(), wait() y exit().") -> Llamadas comunes para gestión de procesos: fork(), exec(), wait() y exit().
A34: 7 | B34: =IFERROR(__xludf.DUMMYFUNCTION("""COMPUTED_VALUE"""),"Personalización del Kernel y Llamadas al Sistema") -> Personalización del Kernel y Llamadas al Sistema | D34: =IFERROR(__xludf.DUMMYFUNCTION("""COMPUTED_VALUE"""),"Llamadas al Sistema (Syscalls)") -> Llamadas al Sistema (Syscalls) | F34: =IFERROR(__xludf.DUMMYFUNCTION("""COMPUTED_VALUE"""),"Metodología para el desarrollo e implementación de nuevas syscalls.") -> Metodología para el desarrollo e implementación de nuevas syscalls.
A36: 2.2 Recursos Educativos
A38: Tipo de Recurso a utilizar | B38: Tipo | C38: Valor maximo recomendado en Minutos | D38: Tiempo Aproximado ( unicamente el valor de minutos ) | I38: Validacion
A39: Presentacion | B39: Obligatorio | C39: 30 | D39: 40 | I39: =IF(D39<=C39,"Correcto", "Corregir") -> Corregir
A40: Video | B40: Obligatorio | C40: 6 | D40: 3 | I40: =IF(D40<=C40,"Correcto", "Corregir") -> Correcto
A41: Lectura | B41: Optativo | C41: 10 | D41: 0 | I41: =IF(D41<=C41,"Correcto", "Corregir") -> Correcto
A42: Ejercicio Demostrativo | B42: Obligatorio | C42: 30 | D42: 17 | I42: =IF(D42<=C42,"Correcto", "Corregir") -> Correcto
A44: 3. Área de Habilidades (Saber Hacer) | G44: Tiempo Aproximado | H44: =B50 -> 37
G45: Tiene que estar en un rango de 30 a 50 minutos
A46: Actividad 1 (Obligatoria)
A47: Competencia que predomina en la actividad | B47: El estudiante describe la arquitectura y los componentes fundamentales de un Sistema Operativo analizando la separación entre el espacio de usuario y el espacio de kernel para establecer las bases conceptuales necesarias para la modificación del sistema.
A48: Tipo de Actividad | B48: Cuestionario
A49: Ponderación | B49: 0
A50: Tiempo Aproximado | B50: 37
A51: Coloca el tiempo que usar en la actividad, un tiempo sugerido 30 minutos
A52: Descripcion de la Actividad
A53: Examen corto sobre el uso de interfaces de comunicación entre espacio de usuario y kernel.
A57: Actividad 2 (Optativa puedes hacerla si lo consideras apropiado)
A58: Competencia que predomina en la actividad
A59: Tipo de Actividad
A60: Ponderación
A61: Tiempo Aproximado
A62: Coloca el tiempo que usar en la actividad, un tiempo sugerido 20 minutos
A63: Descripcion de la Actividad
A68: 3. Cierre | G68: Tiempo Aproximado | H68: =B70 -> 10
G69: Tiene que estar en un rango de 10 a 15 minutos
A70: Tiempo Aproximado | B70: 10
A71: Asignacion de Actividades
A72: Dudas de práctica 2
A74: Resuelve alguna duda, asigna las actividades que deben realizar, dudas de proyectos, etc

Sheet S.4
B2: Diseño de la Sesión de Laboratorio
B4: Curso | C4: ='Diseño'!C4 -> 285 - Sistemas Operativos 2
B5: Semana | C5: 4
B6: Tiempo | C6: =H10+H21+H45+H69 -> 110
B7: Ponderación | C7: =B50+B61 -> 0
B8: Validación de Tiempo | C8: =IF(H45<=0, "❌ ERROR: La Actividad 1 debe tener un tiempo mayor a 0.", IF(H21>60, "❌ ERROR: El 'Área de Conocimiento' no puede exceder los 60 min.", IF((H10+H21+H45)<100, "❌ ERROR: El tiempo total debe ser de al menos 100 min.", "✅ VALIDACIÓN CORRECTA"))) -> ✅ VALIDACIÓN CORRECTA
A10: 1. Área Actitudinal (Saber Ser) | G10: Tiempo Aproximado | H10: =B13 -> 3
G11: Tiene que estar en un rango de 3 a 5 minutos
A12: Nombre del Valor | B12: Consistencia
A13: Tiempo Aproximado | B13: 3
A14: Descripcion
A15: Perseverancia en el estudio sistemático para dominar herramientas complejas.
A17: Como se relaciona con los conocimientos de la sesion y se aplicaria
A18: Fundamental para comprender el ciclo de vida del proceso y cómo los estados transitan de manera lógica dentro del PCB.
A21: 2. Área Conocimiento (Saber) | G21: Tiempo Aproximado | H21: =SUM(D40:H43) -> 60
G22: No puede exceder los 60 minutos
A23: Competencia a desarrollar | B23: El estudiante describe la arquitectura y los componentes fundamentales de un Sistema Operativo analizando la separación entre el espacio de usuario y el espacio de kernel para establecer las bases conceptuales necesarias para la modificación del sistema.
A24: Competencia a desarrollar | B24: El estudiante implementa nuevas llamadas al sistema (syscalls) y servicios personalizados dentro del núcleo mediante la modificación del código fuente del kernel de Linux y la creación de módulos para extender la funcionalidad del sistema operativo y permitir una comunicación eficiente y segura entre el espacio de usuario y el espacio de kernel.
A26: 2.1 Contenido
A27: No. | B27: Unidad | D27: Tema | F27: Sub Tema
A28: 1 | B28: =IFERROR(__xludf.DUMMYFUNCTION("FILTER('Diseño'!D:D,'Diseño'!H:H=$C$5)"),"Gestión de Procesos") -> Gestión de Procesos | D28: =IFERROR(__xludf.DUMMYFUNCTION("FILTER('Diseño'!E:E,'Diseño'!H:H=$C$5)"),"Definición y Características de Procesos") -> Definición y Características de Procesos | F28: =IFERROR(__xludf.DUMMYFUNCTION("FILTER('Diseño'!F:F,'Diseño'!H:H=$C$5)"),"Diferencia entre un programa y un proceso en ejecución.") -> Diferencia entre un programa y un proceso en ejecución.
A29: 2 | B29: =IFERROR(__xludf.DUMMYFUNCTION("""COMPUTED_VALUE"""),"Gestión de Procesos") -> Gestión de Procesos | D29: =IFERROR(__xludf.DUMMYFUNCTION("""COMPUTED_VALUE"""),"Definición y Características de Procesos") -> Definición y Características de Procesos | F29: =IFERROR(__xludf.DUMMYFUNCTION("""COMPUTED_VALUE"""),"Identificadores de proceso: PID, PPID, UID y GID.") -> Identificadores de proceso: PID, PPID, UID y GID.
A30: 3 | B30: =IFERROR(__xludf.DUMMYFUNCTION("""COMPUTED_VALUE"""),"Gestión de Procesos") -> Gestión de Procesos | D30: =IFERROR(__xludf.DUMMYFUNCTION("""COMPUTED_VALUE"""),"Definición y Características de Procesos") -> Definición y Características de Procesos | F30: =IFERROR(__xludf.DUMMYFUNCTION("""COMPUTED_VALUE"""),"Aislamiento y espacio de direcciones independiente.") -> Aislamiento y espacio de direcciones independiente.
A31: 4 | B31: =IFERROR(__xludf.DUMMYFUNCTION("""COMPUTED_VALUE"""),"Gestión de Procesos") -> Gestión de Procesos | D31: =IFERROR(__xludf.DUMMYFUNCTION("""COMPUTED_VALUE"""),"Estructura Interna del Proceso") -> Estructura Interna del Proceso | F31: =IFERROR(__xludf.DUMMYFUNCTION("""COMPUTED_VALUE"""),"Secciones de memoria: Pila (stack), Montón (heap), Código (text) y Datos (data).") -> Secciones de memoria: Pila (stack), Montón (heap), Código (text) y Datos (data).
A32: 5 | B32: =IFERROR(__xludf.DUMMYFUNCTION("""COMPUTED_VALUE"""),"Gestión de Procesos") -> Gestión de Procesos | D32: =IFERROR(__xludf.DUMMYFUNCTION("""COMPUTED_VALUE"""),"Ciclo de Vida y Estados") -> Ciclo de Vida y Estados | F32: =IFERROR(__xludf.DUMMYFUNCTION("""COMPUTED_VALUE"""),"Estados del proceso: Nuevo, Listo, Ejecución (Modo usuario/kernel), Espera, Detenido y Zombi.") -> Estados del proceso: Nuevo, Listo, Ejecución (Modo usuario/kernel), Espera, Detenido y Zombi.
A33: 6 | B33: =IFERROR(__xludf.DUMMYFUNCTION("""COMPUTED_VALUE"""),"Gestión de Procesos") -> Gestión de Procesos | D33: =IFERROR(__xludf.DUMMYFUNCTION("""COMPUTED_VALUE"""),"Ciclo de Vida y Estados") -> Ciclo de Vida y Estados | F33: =IFERROR(__xludf.DUMMYFUNCTION("""COMPUTED_VALUE"""),"Gestión de transiciones de estado por el sistema operativo.") -> Gestión de transiciones de estado por el sistema operativo.
A34: 7 | B34: =IFERROR(__xludf.DUMMYFUNCTION("""COMPUTED_VALUE"""),"Gestión de Procesos") -> Gestión de Procesos | D34: =IFERROR(__xludf.DUMMYFUNCTION("""COMPUTED_VALUE"""),"Bloque de Control de Procesos (PCB)") -> Bloque de Control de Procesos (PCB) | F34: =IFERROR(__xludf.DUMMYFUNCTION("""COMPUTED_VALUE"""),"La estructura task_struct en el kernel de Linux.") -> La estructura task_struct en el kernel de Linux.
A35: 8 | B35: =IFERROR(__xludf.DUMMYFUNCTION("""COMPUTED_VALUE"""),"Gestión de Procesos") -> Gestión de Procesos | D35: =IFERROR(__xludf.DUMMYFUNCTION("""COMPUTED_VALUE"""),"Bloque de Control de Procesos (PCB)") -> Bloque de Control de Procesos (PCB) | F35: =IFERROR(__xludf.DUMMYFUNCTION("""COMPUTED_VALUE"""),"Almacenamiento de registros, información de memoria y recursos asociados.") -> Almacenamiento de registros, información de memoria y recursos asociados.
A37: 2.2 Recursos Educativos
A39: Tipo de Recurso a utilizar | B39: Tipo | C39: Valor maximo recomendado en Minutos | D39: Tiempo Aproximado ( unicamente el valor de minutos ) | I39: Validacion
A40: Presentacion | B40: Obligatorio | C40: 30 | D40: 37 | I40: =IF(D40<=C40,"Correcto", "Corregir") -> Corregir
A41: Video | B41: Obligatorio | C41: 6 | D41: 3 | I41: =IF(D41<=C41,"Correcto", "Corregir") -> Correcto
A42: Lectura | B42: Optativo | C42: 10 | D42: 0 | I42: =IF(D42<=C42,"Correcto", "Corregir") -> Correcto
A43: Ejercicio Demostrativo | B43: Obligatorio | C43: 30 | D43: 20 | I43: =IF(D43<=C43,"Correcto", "Corregir") -> Correcto
A45: 3. Área de Habilidades (Saber Hacer) | G45: Tiempo Aproximado | H45: =B51 -> 37
G46: Tiene que estar en un rango de 30 a 50 minutos
A47: Actividad 1 (Obligatoria)
A48: Competencia que predomina en la actividad | B48: El estudiante describe la arquitectura y los componentes fundamentales de un Sistema Operativo analizando la separación entre el espacio de usuario y el espacio de kernel para establecer las bases conceptuales necesarias para la modificación del sistema.
A49: Tipo de Actividad | B49: Cuestionario
A50: Ponderación | B50: 0
A51: Tiempo Aproximado | B51: 37
A52: Coloca el tiempo que usar en la actividad, un tiempo sugerido 30 minutos
A53: Descripcion de la Actividad
A54: Examen corto sobre las diferencias entre programas y procesos, sus identificadores y secciones de memoria.
A58: Actividad 2 (Optativa puedes hacerla si lo consideras apropiado)
A59: Competencia que predomina en la actividad
A60: Tipo de Actividad
A61: Ponderación
A62: Tiempo Aproximado
A63: Coloca el tiempo que usar en la actividad, un tiempo sugerido 20 minutos
A64: Descripcion de la Actividad
A69: 3. Cierre | G69: Tiempo Aproximado | H69: 10
G70: Tiene que estar en un rango de 10 a 15 minutos
A71: Tiempo Aproximado | B71: 11
A72: Asignacion de Actividades
A73: Dudas de práctica 3
A75: Resuelve alguna duda, asigna las actividades que deben realizar, dudas de proyectos, etc

Sheet S.5
B2: Diseño de la Sesión de Laboratorio
B4: Curso | C4: ='Diseño'!C4 -> 285 - Sistemas Operativos 2
B5: Semana | C5: 5
B6: Tiempo | C6: =H10+H21+H45+H69 -> 110
B7: Ponderación | C7: =B50+B61 -> 0
B8: Validación de Tiempo | C8: =IF(H45<=0, "❌ ERROR: La Actividad 1 debe tener un tiempo mayor a 0.", IF(H21>60, "❌ ERROR: El 'Área de Conocimiento' no puede exceder los 60 min.", IF((H10+H21+H45)<100, "❌ ERROR: El tiempo total debe ser de al menos 100 min.", "✅ VALIDACIÓN CORRECTA"))) -> ✅ VALIDACIÓN CORRECTA
A10: 1. Área Actitudinal (Saber Ser) | G10: Tiempo Aproximado | H10: =B13 -> 3
G11: Tiene que estar en un rango de 3 a 5 minutos
A12: Nombre del Valor | B12: Disciplina
A13: Tiempo Aproximado | B13: 3
A14: Descripcion
A15: Orden y rigor en el diseño de algoritmos.
A17: Como se relaciona con los conocimientos de la sesion y se aplicaria
A18: Al trabajar con estructuras concurrentes, la disciplina evita errores de lógica que comprometen la estabilidad del sistema.
A21: 2. Área Conocimiento (Saber) | G21: Tiempo Aproximado | H21: =SUM(D40:H43) -> 57
G22: No puede exceder los 60 minutos
A23: Competencia a desarrollar | B23: El estudiante desarrolla aplicaciones multihilo que gestionan de forma segura el acceso a recursos compartidos mediante la implementación de la API de PThreads y el uso de primitivas de sincronización como mutexes y semáforos para evitar condiciones de carrera, asegurar la consistencia de datos y prevenir interbloqueos (deadlocks).
A24: Competencia a desarrollar | B24: El estudiante describe la arquitectura y los componentes fundamentales de un Sistema Operativo analizando la separación entre el espacio de usuario y el espacio de kernel para establecer las bases conceptuales necesarias para la modificación del sistema.
A26: 2.1 Contenido
A27: No. | B27: Unidad | D27: Tema | F27: Sub Tema
A28: 1 | B28: =IFERROR(__xludf.DUMMYFUNCTION("FILTER('Diseño'!D:D,'Diseño'!H:H=$C$5)"),"Hilos (Threads) y Concurrencia") -> Hilos (Threads) y Concurrencia | D28: =IFERROR(__xludf.DUMMYFUNCTION("FILTER('Diseño'!E:E,'Diseño'!H:H=$C$5)"),"Fundamentos de Hilos") -> Fundamentos de Hilos | F28: =IFERROR(__xludf.DUMMYFUNCTION("FILTER('Diseño'!F:F,'Diseño'!H:H=$C$5)"),"Definición de hilos como unidades mínimas de ejecución.") -> Definición de hilos como unidades mínimas de ejecución.
A29: 2 | B29: =IFERROR(__xludf.DUMMYFUNCTION("""COMPUTED_VALUE"""),"Hilos (Threads) y Concurrencia") -> Hilos (Threads) y Concurrencia | D29: =IFERROR(__xludf.DUMMYFUNCTION("""COMPUTED_VALUE"""),"Fundamentos de Hilos") -> Fundamentos de Hilos | F29: =IFERROR(__xludf.DUMMYFUNCTION("""COMPUTED_VALUE"""),"Compartición de recursos dentro de un mismo proceso (memoria y archivos).") -> Compartición de recursos dentro de un mismo proceso (memoria y archivos).
A30: 3 | B30: =IFERROR(__xludf.DUMMYFUNCTION("""COMPUTED_VALUE"""),"Hilos (Threads) y Concurrencia") -> Hilos (Threads) y Concurrencia | D30: =IFERROR(__xludf.DUMMYFUNCTION("""COMPUTED_VALUE"""),"Ejecución Multitarea") -> Ejecución Multitarea | F30: =IFERROR(__xludf.DUMMYFUNCTION("""COMPUTED_VALUE"""),"Concurrencia: Intercalación de tareas para simular simultaneidad.") -> Concurrencia: Intercalación de tareas para simular simultaneidad.
A31: 4 | B31: =IFERROR(__xludf.DUMMYFUNCTION("""COMPUTED_VALUE"""),"Hilos (Threads) y Concurrencia") -> Hilos (Threads) y Concurrencia | D31: =IFERROR(__xludf.DUMMYFUNCTION("""COMPUTED_VALUE"""),"Ejecución Multitarea") -> Ejecución Multitarea | F31: =IFERROR(__xludf.DUMMYFUNCTION("""COMPUTED_VALUE"""),"Paralelismo: Ejecución física simultánea en múltiples núcleos o procesadores.") -> Paralelismo: Ejecución física simultánea en múltiples núcleos o procesadores.
A32: 5 | B32: =IFERROR(__xludf.DUMMYFUNCTION("""COMPUTED_VALUE"""),"Hilos (Threads) y Concurrencia") -> Hilos (Threads) y Concurrencia | D32: =IFERROR(__xludf.DUMMYFUNCTION("""COMPUTED_VALUE"""),"Implementación y Gestión de Hilos") -> Implementación y Gestión de Hilos | F32: =IFERROR(__xludf.DUMMYFUNCTION("""COMPUTED_VALUE"""),"Creación, gestión y terminación de subprocesos.") -> Creación, gestión y terminación de subprocesos.
A33: 6 | B33: =IFERROR(__xludf.DUMMYFUNCTION("""COMPUTED_VALUE"""),"Hilos (Threads) y Concurrencia") -> Hilos (Threads) y Concurrencia | D33: =IFERROR(__xludf.DUMMYFUNCTION("""COMPUTED_VALUE"""),"Implementación y Gestión de Hilos") -> Implementación y Gestión de Hilos | F33: =IFERROR(__xludf.DUMMYFUNCTION("""COMPUTED_VALUE"""),"Uso de la biblioteca estándar PThreads.") -> Uso de la biblioteca estándar PThreads.
A34: 7 | B34: =IFERROR(__xludf.DUMMYFUNCTION("""COMPUTED_VALUE"""),"Hilos (Threads) y Concurrencia") -> Hilos (Threads) y Concurrencia | D34: =IFERROR(__xludf.DUMMYFUNCTION("""COMPUTED_VALUE"""),"Implementación y Gestión de Hilos") -> Implementación y Gestión de Hilos | F34: =IFERROR(__xludf.DUMMYFUNCTION("""COMPUTED_VALUE"""),"Tipos de hilos: Nivel de Usuario vs. Nivel de Kernel.") -> Tipos de hilos: Nivel de Usuario vs. Nivel de Kernel.
A35: 8 | B35: =IFERROR(__xludf.DUMMYFUNCTION("""COMPUTED_VALUE"""),"Hilos (Threads) y Concurrencia") -> Hilos (Threads) y Concurrencia | D35: =IFERROR(__xludf.DUMMYFUNCTION("""COMPUTED_VALUE"""),"Implementación y Gestión de Hilos") -> Implementación y Gestión de Hilos | F35: =IFERROR(__xludf.DUMMYFUNCTION("""COMPUTED_VALUE"""),"Consideraciones de diseño: compatibilidad y eficiencia.") -> Consideraciones de diseño: compatibilidad y eficiencia.
A37: 2.2 Recursos Educativos
A39: Tipo de Recurso a utilizar | B39: Tipo | C39: Valor maximo recomendado en Minutos | D39: Tiempo Aproximado ( unicamente el valor de minutos ) | I39: Validacion
A40: Presentacion | B40: Obligatorio | C40: 30 | D40: 28 | I40: =IF(D40<=C40,"Correcto", "Corregir") -> Correcto
A41: Video | B41: Obligatorio | C41: 6 | D41: 2 | I41: =IF(D41<=C41,"Correcto", "Corregir") -> Correcto
A42: Lectura | B42: Optativo | C42: 10 | D42: 0 | I42: =IF(D42<=C42,"Correcto", "Corregir") -> Correcto
A43: Ejercicio Demostrativo | B43: Obligatorio | C43: 30 | D43: 27 | I43: =IF(D43<=C43,"Correcto", "Corregir") -> Correcto
A45: 3. Área de Habilidades (Saber Hacer) | G45: Tiempo Aproximado | H45: =B51 -> 40
G46: Tiene que estar en un rango de 30 a 50 minutos
A47: Actividad 1 (Obligatoria)
A48: Competencia que predomina en la actividad | B48: El estudiante desarrolla aplicaciones multihilo que gestionan de forma segura el acceso a recursos compartidos mediante la implementación de la API de PThreads y el uso de primitivas de sincronización como mutexes y semáforos para evitar condiciones de carrera, asegurar la consistencia de datos y prevenir interbloqueos (deadlocks).
A49: Tipo de Actividad | B49: Cuestionario
A50: Ponderación | B50: 0
A51: Tiempo Aproximado | B51: 40
A52: Coloca el tiempo que usar en la actividad, un tiempo sugerido 30 minutos
A53: Descripcion de la Actividad
A54: Examen corto sobre concurrencia, paralelismo, ejecución paralela, hilos y sus tipos.
A58: Actividad 2 (Optativa puedes hacerla si lo consideras apropiado)
A59: Competencia que predomina en la actividad
A60: Tipo de Actividad
A61: Ponderación
A62: Tiempo Aproximado
A63: Coloca el tiempo que usar en la actividad, un tiempo sugerido 20 minutos
A64: Descripcion de la Actividad
A69: 3. Cierre | G69: Tiempo Aproximado | H69: =B71 -> 10
G70: Tiene que estar en un rango de 10 a 15 minutos
A71: Tiempo Aproximado | B71: 10
A72: Asignacion de Actividades
A73: Dudas de práctica 4
A75: Resuelve alguna duda, asigna las actividades que deben realizar, dudas de proyectos, etc

Sheet S.6
B2: Diseño de la Sesión de Laboratorio
B4: Curso | C4: ='Diseño'!C4 -> 285 - Sistemas Operativos 2
B5: Semana | C5: 6
B6: Tiempo | C6: =H10+H21+H45+H69 -> 110
B7: Ponderación | C7: =B50+B61 -> 0
B8: Validación de Tiempo | C8: =IF(H45<=0, "❌ ERROR: La Actividad 1 debe tener un tiempo mayor a 0.", IF(H21>60, "❌ ERROR: El 'Área de Conocimiento' no puede exceder los 60 min.", IF((H10+H21+H45)<100, "❌ ERROR: El tiempo total debe ser de al menos 100 min.", "✅ VALIDACIÓN CORRECTA"))) -> ✅ VALIDACIÓN CORRECTA
A10: 1. Área Actitudinal (Saber Ser) | G10: Tiempo Aproximado | H10: =B13 -> 3
G11: Tiene que estar en un rango de 3 a 5 minutos
A12: Nombre del Valor | B12: Criterio y toma de decisiones
A13: Tiempo Aproximado | B13: 3
A14: Descripcion
A15: Evaluación responsable de alternativas técnicas.
A17: Como se relaciona con los conocimientos de la sesion y se aplicaria
A18: El estudiante debe decidir qué mecanismo de bloqueo (Mutex o Semáforo) es el más eficiente según el tipo de sección crítica.
A21: 2. Área Conocimiento (Saber) | G21: Tiempo Aproximado | H21: =SUM(D40:H43) -> 57
G22: No puede exceder los 60 minutos
A23: Competencia a desarrollar | B23: El estudiante desarrolla aplicaciones multihilo que gestionan de forma segura el acceso a recursos compartidos mediante la implementación de la API de PThreads y el uso de primitivas de sincronización como mutexes y semáforos para evitar condiciones de carrera, asegurar la consistencia de datos y prevenir interbloqueos (deadlocks).
A24: Competencia a desarrollar | B24: El estudiante describe la arquitectura y los componentes fundamentales de un Sistema Operativo analizando la separación entre el espacio de usuario y el espacio de kernel para establecer las bases conceptuales necesarias para la modificación del sistema.
A26: 2.1 Contenido
A27: No. | B27: Unidad | D27: Tema | F27: Sub Tema
A28: 1 | B28: =IFERROR(__xludf.DUMMYFUNCTION("FILTER('Diseño'!D:D,'Diseño'!H:H=$C$5)"),"Sincronización de Procesos") -> Sincronización de Procesos | D28: =IFERROR(__xludf.DUMMYFUNCTION("FILTER('Diseño'!E:E,'Diseño'!H:H=$C$5)"),"Cooperación entre Procesos") -> Cooperación entre Procesos | F28: =IFERROR(__xludf.DUMMYFUNCTION("FILTER('Diseño'!F:F,'Diseño'!H:H=$C$5)"),"Problemas derivados del acceso a recursos compartidos.") -> Problemas derivados del acceso a recursos compartidos.
A29: 2 | B29: =IFERROR(__xludf.DUMMYFUNCTION("""COMPUTED_VALUE"""),"Sincronización de Procesos") -> Sincronización de Procesos | D29: =IFERROR(__xludf.DUMMYFUNCTION("""COMPUTED_VALUE"""),"Cooperación entre Procesos") -> Cooperación entre Procesos | F29: =IFERROR(__xludf.DUMMYFUNCTION("""COMPUTED_VALUE"""),"Condiciones de carrera (Race Conditions).") -> Condiciones de carrera (Race Conditions).
A30: 3 | B30: =IFERROR(__xludf.DUMMYFUNCTION("""COMPUTED_VALUE"""),"Sincronización de Procesos") -> Sincronización de Procesos | D30: =IFERROR(__xludf.DUMMYFUNCTION("""COMPUTED_VALUE"""),"La Sección Crítica") -> La Sección Crítica | F30: =IFERROR(__xludf.DUMMYFUNCTION("""COMPUTED_VALUE"""),"Identificación de segmentos de código sensibles.") -> Identificación de segmentos de código sensibles.
A31: 4 | B31: =IFERROR(__xludf.DUMMYFUNCTION("""COMPUTED_VALUE"""),"Sincronización de Procesos") -> Sincronización de Procesos | D31: =IFERROR(__xludf.DUMMYFUNCTION("""COMPUTED_VALUE"""),"La Sección Crítica") -> La Sección Crítica | F31: =IFERROR(__xludf.DUMMYFUNCTION("""COMPUTED_VALUE"""),"Requisitos para la solución de exclusión mutua: Progreso y espera limitada.") -> Requisitos para la solución de exclusión mutua: Progreso y espera limitada.
A32: 5 | B32: =IFERROR(__xludf.DUMMYFUNCTION("""COMPUTED_VALUE"""),"Sincronización de Procesos") -> Sincronización de Procesos | D32: =IFERROR(__xludf.DUMMYFUNCTION("""COMPUTED_VALUE"""),"Mecanismos de Sincronización") -> Mecanismos de Sincronización | F32: =IFERROR(__xludf.DUMMYFUNCTION("""COMPUTED_VALUE"""),"Semáforos: Operaciones atómicas wait y signal.") -> Semáforos: Operaciones atómicas wait y signal.
A33: 6 | B33: =IFERROR(__xludf.DUMMYFUNCTION("""COMPUTED_VALUE"""),"Sincronización de Procesos") -> Sincronización de Procesos | D33: =IFERROR(__xludf.DUMMYFUNCTION("""COMPUTED_VALUE"""),"Mecanismos de Sincronización") -> Mecanismos de Sincronización | F33: =IFERROR(__xludf.DUMMYFUNCTION("""COMPUTED_VALUE"""),"Mutexes: Bloqueos binarios para la exclusión mutua.") -> Mutexes: Bloqueos binarios para la exclusión mutua.
A34: 7 | B34: =IFERROR(__xludf.DUMMYFUNCTION("""COMPUTED_VALUE"""),"Sincronización de Procesos") -> Sincronización de Procesos | D34: =IFERROR(__xludf.DUMMYFUNCTION("""COMPUTED_VALUE"""),"Gestión de Fallos de Sincronización") -> Gestión de Fallos de Sincronización | F34: =IFERROR(__xludf.DUMMYFUNCTION("""COMPUTED_VALUE"""),"Detección de interbloqueos (Deadlocks).") -> Detección de interbloqueos (Deadlocks).
A35: 8 | B35: =IFERROR(__xludf.DUMMYFUNCTION("""COMPUTED_VALUE"""),"Sincronización de Procesos") -> Sincronización de Procesos | D35: =IFERROR(__xludf.DUMMYFUNCTION("""COMPUTED_VALUE"""),"Gestión de Fallos de Sincronización") -> Gestión de Fallos de Sincronización | F35: =IFERROR(__xludf.DUMMYFUNCTION("""COMPUTED_VALUE"""),"Estrategias de prevención y recuperación de errores en sistemas concurrentes.") -> Estrategias de prevención y recuperación de errores en sistemas concurrentes.
A37: 2.2 Recursos Educativos
A39: Tipo de Recurso a utilizar | B39: Tipo | C39: Valor maximo recomendado en Minutos | D39: Tiempo Aproximado ( unicamente el valor de minutos ) | I39: Validacion
A40: Presentacion | B40: Obligatorio | C40: 30 | D40: 30 | I40: =IF(D40<=C40,"Correcto", "Corregir") -> Correcto
A41: Video | B41: Obligatorio | C41: 6 | D41: 2 | I41: =IF(D41<=C41,"Correcto", "Corregir") -> Correcto
A42: Lectura | B42: Optativo | C42: 10 | D42: 0 | I42: =IF(D42<=C42,"Correcto", "Corregir") -> Correcto
A43: Ejercicio Demostrativo | B43: Obligatorio | C43: 30 | D43: 25 | I43: =IF(D43<=C43,"Correcto", "Corregir") -> Correcto
A45: 3. Área de Habilidades (Saber Hacer) | G45: Tiempo Aproximado | H45: =B51 -> 40
G46: Tiene que estar en un rango de 30 a 50 minutos
A47: Actividad 1 (Obligatoria)
A48: Competencia que predomina en la actividad | B48: El estudiante desarrolla aplicaciones multihilo que gestionan de forma segura el acceso a recursos compartidos mediante la implementación de la API de PThreads y el uso de primitivas de sincronización como mutexes y semáforos para evitar condiciones de carrera, asegurar la consistencia de datos y prevenir interbloqueos (deadlocks).
A49: Tipo de Actividad | B49: actividades
A50: Ponderación | B50: 0
A51: Tiempo Aproximado | B51: 40
A52: Coloca el tiempo que usar en la actividad, un tiempo sugerido 30 minutos
A53: Descripcion de la Actividad
A54: Implementación de bloqueos de exclusión mutua en código concurrente para asegurar la integridad de los datos compartidos en lenguaje C.
A58: Actividad 2 (Optativa puedes hacerla si lo consideras apropiado)
A59: Competencia que predomina en la actividad
A60: Tipo de Actividad
A61: Ponderación
A62: Tiempo Aproximado
A63: Coloca el tiempo que usar en la actividad, un tiempo sugerido 20 minutos
A64: Descripcion de la Actividad
A69: 3. Cierre | G69: Tiempo Aproximado | H69: =B71 -> 10
G70: Tiene que estar en un rango de 10 a 15 minutos
A71: Tiempo Aproximado | B71: 10
A72: Asignacion de Actividades
A73: Dudas de práctica 5
A75: Resuelve alguna duda, asigna las actividades que deben realizar, dudas de proyectos, etc

Sheet S.7
B2: Diseño de la Sesión de Laboratorio
B4: Curso | C4: ='Diseño'!C4 -> 285 - Sistemas Operativos 2
B5: Semana | C5: 7
B6: Tiempo | C6: =H10+H21+H44+H68 -> 114
B7: Ponderación | C7: =B49+B60 -> 0
B8: Validación de Tiempo | C8: =IF(H44<=0, "❌ ERROR: La Actividad 1 debe tener un tiempo mayor a 0.", IF(H21>60, "❌ ERROR: El 'Área de Conocimiento' no puede exceder los 60 min.", IF((H10+H21+H44)<100, "❌ ERROR: El tiempo total debe ser de al menos 100 min.", "✅ VALIDACIÓN CORRECTA"))) -> ✅ VALIDACIÓN CORRECTA
A10: 1. Área Actitudinal (Saber Ser) | G10: Tiempo Aproximado | H10: =B13 -> 5
G11: Tiene que estar en un rango de 3 a 5 minutos
A12: Nombre del Valor | B12: Equidad
A13: Tiempo Aproximado | B13: 5
A14: Descripcion
A15: Mantener coherencia entre los principios teóricos de gestión de memoria y su aplicación práctica en el desarrollo de software.
A17: Como se relaciona con los conocimientos de la sesion y se aplicaria
A18: El estudiante aplica consistentemente los algoritmos de reemplazo de páginas correctos según el contexto del problema, evitando decisiones arbitrarias.
A21: 2. Área Conocimiento (Saber) | G21: Tiempo Aproximado | H21: =SUM(D39:H42) -> 58
G22: No puede exceder los 60 minutos
A23: Competencia a desarrollar | B23: El estudiante analiza la asignación de memoria física y lógica junto con el mapeo de direcciones en el sistema mediante el empleo de la MMU, tablas de páginas y algoritmos de reemplazo como FIFO o LRU para garantizar el aislamiento de procesos, prevenir la fragmentación y minimizar los fallos de página.
A24: Competencia a desarrollar | B24: El estudiante describe la arquitectura y los componentes fundamentales de un Sistema Operativo analizando la separación entre el espacio de usuario y el espacio de kernel para establecer las bases conceptuales necesarias para la modificación del sistema.
A26: 2.1 Contenido
A27: No. | B27: Unidad | D27: Tema | F27: Sub Tema
A28: 1 | B28: =IFERROR(__xludf.DUMMYFUNCTION("FILTER('Diseño'!D:D,'Diseño'!H:H=$C$5)"),"Gestión de Memoria") -> Gestión de Memoria | D28: =IFERROR(__xludf.DUMMYFUNCTION("FILTER('Diseño'!E:E,'Diseño'!H:H=$C$5)"),"Memoria Virtual") -> Memoria Virtual | F28: =IFERROR(__xludf.DUMMYFUNCTION("FILTER('Diseño'!F:F,'Diseño'!H:H=$C$5)"),"Algoritmos de reemplazo de páginas: FIFO, LRU y Óptimo — análisis comparativo.") -> Algoritmos de reemplazo de páginas: FIFO, LRU y Óptimo — análisis comparativo.
A29: 2 | B29: =IFERROR(__xludf.DUMMYFUNCTION("""COMPUTED_VALUE"""),"Gestión de Memoria") -> Gestión de Memoria | D29: =IFERROR(__xludf.DUMMYFUNCTION("""COMPUTED_VALUE"""),"Memoria Virtual") -> Memoria Virtual | F29: =IFERROR(__xludf.DUMMYFUNCTION("""COMPUTED_VALUE"""),"Paginación bajo demanda y manejo de fallos de página (page fault).") -> Paginación bajo demanda y manejo de fallos de página (page fault).
A30: 3 | B30: =IFERROR(__xludf.DUMMYFUNCTION("""COMPUTED_VALUE"""),"Gestión de Memoria") -> Gestión de Memoria | D30: =IFERROR(__xludf.DUMMYFUNCTION("""COMPUTED_VALUE"""),"Fragmentación") -> Fragmentación | F30: =IFERROR(__xludf.DUMMYFUNCTION("""COMPUTED_VALUE"""),"Fragmentación interna y externa: impacto en rendimiento y estrategias de mitigación.") -> Fragmentación interna y externa: impacto en rendimiento y estrategias de mitigación.
A31: 4 | B31: =IFERROR(__xludf.DUMMYFUNCTION("""COMPUTED_VALUE"""),"Gestión de Memoria") -> Gestión de Memoria | D31: =IFERROR(__xludf.DUMMYFUNCTION("""COMPUTED_VALUE"""),"Traducción de Direcciones") -> Traducción de Direcciones | F31: =IFERROR(__xludf.DUMMYFUNCTION("""COMPUTED_VALUE"""),"MMU y tablas de páginas multinivel: traducción de direcciones virtuales a físicas.") -> MMU y tablas de páginas multinivel: traducción de direcciones virtuales a físicas.
A32: 5 | B32: =IFERROR(__xludf.DUMMYFUNCTION("""COMPUTED_VALUE"""),"Gestión de Memoria") -> Gestión de Memoria | D32: =IFERROR(__xludf.DUMMYFUNCTION("""COMPUTED_VALUE"""),"Aislamiento de Procesos") -> Aislamiento de Procesos | F32: =IFERROR(__xludf.DUMMYFUNCTION("""COMPUTED_VALUE"""),"Aislamiento mediante espacios de direcciones virtuales independientes.") -> Aislamiento mediante espacios de direcciones virtuales independientes.
A33: 6 | B33: =IFERROR(__xludf.DUMMYFUNCTION("""COMPUTED_VALUE"""),"Gestión de Memoria") -> Gestión de Memoria | D33: =IFERROR(__xludf.DUMMYFUNCTION("""COMPUTED_VALUE"""),"Modelos de Memoria") -> Modelos de Memoria | F33: =IFERROR(__xludf.DUMMYFUNCTION("""COMPUTED_VALUE"""),"Segmentación vs. paginación: comparativa y uso en sistemas modernos.") -> Segmentación vs. paginación: comparativa y uso en sistemas modernos.
A34: 7
A36: 2.2 Recursos Educativos
A38: Tipo de Recurso a utilizar | B38: Tipo | C38: Valor maximo recomendado en Minutos | D38: Tiempo Aproximado ( unicamente el valor de minutos ) | I38: Validacion
A39: Presentacion | B39: Obligatorio | C39: 30 | D39: 28 | I39: =IF(D39<=C39,"Correcto", "Corregir") -> Correcto
A40: Video | B40: Obligatorio | C40: 6 | D40: 5 | I40: =IF(D40<=C40,"Correcto", "Corregir") -> Correcto
A41: Lectura | B41: Optativo | C41: 10 | D41: 0 | I41: =IF(D41<=C41,"Correcto", "Corregir") -> Correcto
A42: Ejercicio Demostrativo | B42: Obligatorio | C42: 30 | D42: 25 | I42: =IF(D42<=C42,"Correcto", "Corregir") -> Correcto
A44: 3. Área de Habilidades (Saber Hacer) | G44: Tiempo Aproximado | H44: =B50 -> 41
G45: Tiene que estar en un rango de 30 a 50 minutos
A46: Actividad 1 (Obligatoria)
A47: Competencia que predomina en la actividad | B47: El estudiante analiza la asignación de memoria física y lógica junto con el mapeo de direcciones en el sistema mediante el empleo de la MMU, tablas de páginas y algoritmos de reemplazo como FIFO o LRU para garantizar el aislamiento de procesos, prevenir la fragmentación y minimizar los fallos de página.
A48: Tipo de Actividad | B48: Cuestionario
A49: Ponderación | B49: 0
A50: Tiempo Aproximado | B50: 41
A51: Coloca el tiempo que usar en la actividad, un tiempo sugerido 30 minutos
A52: Descripcion de la Actividad
A53: Examen corto sobre algoritmos de reemplazo de páginas (FIFO vs LRU vs Óptimo).
A57: Actividad 2 (Optativa puedes hacerla si lo consideras apropiado)
A58: Competencia que predomina en la actividad
A59: Tipo de Actividad
A60: Ponderación
A61: Tiempo Aproximado
A62: Coloca el tiempo que usar en la actividad, un tiempo sugerido 20 minutos
A63: Descripcion de la Actividad
A68: 3. Cierre | G68: Tiempo Aproximado | H68: =B70 -> 10
G69: Tiene que estar en un rango de 10 a 15 minutos
A70: Tiempo Aproximado | B70: 10
A71: Asignacion de Actividades
A72: Resolución de dudas
A74: Resuelve alguna duda, asigna las actividades que deben realizar, dudas de proyectos, etc

Sheet S.8
B2: Diseño de la Sesión de Laboratorio
B4: Curso | C4: ='Diseño'!C4 -> 285 - Sistemas Operativos 2
B5: Semana | C5: 8
B6: Tiempo | C6: =H10+H21+H44+H68 -> 113
B7: Ponderación | C7: =B49+B60 -> 0
B8: Validación de Tiempo | C8: =IF(H44<=0, "❌ ERROR: La Actividad 1 debe tener un tiempo mayor a 0.", IF(H21>60, "❌ ERROR: El 'Área de Conocimiento' no puede exceder los 60 min.", IF((H10+H21+H44)<100, "❌ ERROR: El tiempo total debe ser de al menos 100 min.", "✅ VALIDACIÓN CORRECTA"))) -> ✅ VALIDACIÓN CORRECTA
A10: 1. Área Actitudinal (Saber Ser) | G10: Tiempo Aproximado | H10: =B13 -> 5
G11: Tiene que estar en un rango de 3 a 5 minutos
A12: Nombre del Valor | B12: Precaución
A13: Tiempo Aproximado | B13: 5
A14: Descripcion
A15: Adoptar medidas preventivas para reducir riesgos al interactuar con estructuras internas del kernel.
A17: Como se relaciona con los conocimientos de la sesion y se aplicaria
A18: El estudiante debe tener cuidado al leer estructuras del kernel para no provocar condiciones de carrera o lecturas inconsistentes que comprometan la estabilidad del sistema.
A21: 2. Área Conocimiento (Saber) | G21: Tiempo Aproximado | H21: =SUM(D39:H42) -> 58
G22: No puede exceder los 60 minutos
A23: Competencia a desarrollar | B23: El estudiante crea módulos de monitoreo del sistema mediante la lectura e interpretación de estructuras internas del kernel para extraer y exponer métricas de rendimiento como uso de CPU, memoria y procesos activos en tiempo real
A24: Competencia a desarrollar | B24: El estudiante describe la arquitectura y los componentes fundamentales de un Sistema Operativo analizando la separación entre el espacio de usuario y el espacio de kernel para establecer las bases conceptuales necesarias para la modificación del sistema.
A26: 2.1 Contenido
A27: No. | B27: Unidad | D27: Tema | F27: Sub Tema
A28: 1 | B28: =IFERROR(__xludf.DUMMYFUNCTION("FILTER('Diseño'!D:D,'Diseño'!H:H=$C$5)"),"Monitoreo del Sistema") -> Monitoreo del Sistema | D28: =IFERROR(__xludf.DUMMYFUNCTION("FILTER('Diseño'!E:E,'Diseño'!H:H=$C$5)"),"Introducción al Monitoreo") -> Introducción al Monitoreo | F28: =IFERROR(__xludf.DUMMYFUNCTION("FILTER('Diseño'!F:F,'Diseño'!H:H=$C$5)"),"Métricas clave de rendimiento: CPU, memoria, procesos.") -> Métricas clave de rendimiento: CPU, memoria, procesos.
A29: 2 | B29: =IFERROR(__xludf.DUMMYFUNCTION("""COMPUTED_VALUE"""),"Monitoreo del Sistema") -> Monitoreo del Sistema | D29: =IFERROR(__xludf.DUMMYFUNCTION("""COMPUTED_VALUE"""),"Métricas de CPU") -> Métricas de CPU | F29: =IFERROR(__xludf.DUMMYFUNCTION("""COMPUTED_VALUE"""),"Estructuras internas del kernel: jiffies y kstat para obtener uso de CPU.") -> Estructuras internas del kernel: jiffies y kstat para obtener uso de CPU.
A30: 3 | B30: =IFERROR(__xludf.DUMMYFUNCTION("""COMPUTED_VALUE"""),"Monitoreo del Sistema") -> Monitoreo del Sistema | D30: =IFERROR(__xludf.DUMMYFUNCTION("""COMPUTED_VALUE"""),"Métricas de Memoria") -> Métricas de Memoria | F30: =IFERROR(__xludf.DUMMYFUNCTION("""COMPUTED_VALUE"""),"Extracción de uso de memoria: MemTotal, MemFree, Buffers y Cached.") -> Extracción de uso de memoria: MemTotal, MemFree, Buffers y Cached.
A31: 4 | B31: =IFERROR(__xludf.DUMMYFUNCTION("""COMPUTED_VALUE"""),"Monitoreo del Sistema") -> Monitoreo del Sistema | D31: =IFERROR(__xludf.DUMMYFUNCTION("""COMPUTED_VALUE"""),"Listado de Procesos") -> Listado de Procesos | F31: =IFERROR(__xludf.DUMMYFUNCTION("""COMPUTED_VALUE"""),"Iteración de procesos activos con for_each_process y task_struct.") -> Iteración de procesos activos con for_each_process y task_struct.
A32: 5 | B32: =IFERROR(__xludf.DUMMYFUNCTION("""COMPUTED_VALUE"""),"Monitoreo del Sistema") -> Monitoreo del Sistema | D32: =IFERROR(__xludf.DUMMYFUNCTION("""COMPUTED_VALUE"""),"Sistema de Archivos /proc") -> Sistema de Archivos /proc | F32: =IFERROR(__xludf.DUMMYFUNCTION("""COMPUTED_VALUE"""),"Exportación de métricas del kernel a través del sistema de archivos virtual /proc.") -> Exportación de métricas del kernel a través del sistema de archivos virtual /proc.
A33: 6 | B33: =IFERROR(__xludf.DUMMYFUNCTION("""COMPUTED_VALUE"""),"Monitoreo del Sistema") -> Monitoreo del Sistema | D33: =IFERROR(__xludf.DUMMYFUNCTION("""COMPUTED_VALUE"""),"Comparativa de Interfaces") -> Comparativa de Interfaces | F33: =IFERROR(__xludf.DUMMYFUNCTION("""COMPUTED_VALUE"""),"Syscalls personalizadas vs. /proc: ventajas, limitaciones y casos de uso.") -> Syscalls personalizadas vs. /proc: ventajas, limitaciones y casos de uso.
A34: 7
A36: 2.2 Recursos Educativos
A38: Tipo de Recurso a utilizar | B38: Tipo | C38: Valor maximo recomendado en Minutos | D38: Tiempo Aproximado ( unicamente el valor de minutos ) | I38: Validacion
A39: Presentacion | B39: Obligatorio | C39: 30 | D39: 28 | I39: =IF(D39<=C39,"Correcto", "Corregir") -> Correcto
A40: Video | B40: Obligatorio | C40: 6 | D40: 5 | I40: =IF(D40<=C40,"Correcto", "Corregir") -> Correcto
A41: Lectura | B41: Optativo | C41: 10 | D41: 0 | I41: =IF(D41<=C41,"Correcto", "Corregir") -> Correcto
A42: Ejercicio Demostrativo | B42: Obligatorio | C42: 30 | D42: 25 | I42: =IF(D42<=C42,"Correcto", "Corregir") -> Correcto
A44: 3. Área de Habilidades (Saber Hacer) | G44: Tiempo Aproximado | H44: =B50 -> 40
G45: Tiene que estar en un rango de 30 a 50 minutos
A46: Actividad 1 (Obligatoria)
A47: Competencia que predomina en la actividad | B47: El estudiante crea módulos de monitoreo del sistema mediante la lectura e interpretación de estructuras internas del kernel para extraer y exponer métricas de rendimiento como uso de CPU, memoria y procesos activos en tiempo real
A48: Tipo de Actividad | B48: Cuestionario
A49: Ponderación | B49: 0
A50: Tiempo Aproximado | B50: 40
A51: Coloca el tiempo que usar en la actividad, un tiempo sugerido 30 minutos
A52: Descripcion de la Actividad
A53: Examen corto sobre estructuras del kernel como jiffies y si_meminfo
A57: Actividad 2 (Optativa puedes hacerla si lo consideras apropiado)
A58: Competencia que predomina en la actividad
A59: Tipo de Actividad
A60: Ponderación
A61: Tiempo Aproximado
A62: Coloca el tiempo que usar en la actividad, un tiempo sugerido 20 minutos
A63: Descripcion de la Actividad
A68: 3. Cierre | G68: Tiempo Aproximado | H68: =B70 -> 10
G69: Tiene que estar en un rango de 10 a 15 minutos
A70: Tiempo Aproximado | B70: 10
A71: Asignacion de Actividades
A72: Dudas y asignación Proyecto unico.
A74: Resuelve alguna duda, asigna las actividades que deben realizar, dudas de proyectos, etc

Sheet S.9
B2: Diseño de la Sesión de Laboratorio
B4: Curso | C4: ='Diseño'!C4 -> 285 - Sistemas Operativos 2
B5: Semana | C5: 9
B6: Tiempo | C6: =H10+H21+H44+H68 -> 110
B7: Ponderación | C7: =B49+B60 -> 0
B8: Validación de Tiempo | C8: =IF(H44<=0, "❌ ERROR: La Actividad 1 debe tener un tiempo mayor a 0.", IF(H21>60, "❌ ERROR: El 'Área de Conocimiento' no puede exceder los 60 min.", IF((H10+H21+H44)<100, "❌ ERROR: El tiempo total debe ser de al menos 100 min.", "✅ VALIDACIÓN CORRECTA"))) -> ✅ VALIDACIÓN CORRECTA
A10: 1. Área Actitudinal (Saber Ser) | G10: Tiempo Aproximado | H10: =B13 -> 5
G11: Tiene que estar en un rango de 3 a 5 minutos
A12: Nombre del Valor | B12: Adaptabilidad
A13: Tiempo Aproximado | B13: 5
A14: Descripcion
A15: Ajustarse con flexibilidad a nuevas circunstancias, cambios o desafíos sin perder efectividad.
A17: Como se relaciona con los conocimientos de la sesion y se aplicaria
A18: El estudiante adapta la estrategia de comunicación kernel-usuario (syscall, /proc o Netlink) según los requisitos de latencia, volumen de datos y complejidad del sistema.
A21: 2. Área Conocimiento (Saber) | G21: Tiempo Aproximado | H21: =SUM(D39:H42) -> 55
G22: No puede exceder los 60 minutos
A23: Competencia a desarrollar | B23: El estudiante diseña aplicaciones en espacio de usuario integrando llamadas al sistema y el sistema de archivos /proc para generar comunicación eficiente entre el kernel y los procesos de usuario expandiendo las capacidades del sistema operativo
A24: Competencia a desarrollar | B24: El estudiante crea módulos de monitoreo del sistema mediante la lectura e interpretación de estructuras internas del kernel para extraer y exponer métricas de rendimiento como uso de CPU, memoria y procesos activos en tiempo real
A26: 2.1 Contenido
A27: No. | B27: Unidad | D27: Tema | F27: Sub Tema
A28: 1 | B28: =IFERROR(__xludf.DUMMYFUNCTION("FILTER('Diseño'!D:D,'Diseño'!H:H=$C$5)"),"Comunicación Kernel-Usuario") -> Comunicación Kernel-Usuario | D28: =IFERROR(__xludf.DUMMYFUNCTION("FILTER('Diseño'!E:E,'Diseño'!H:H=$C$5)"),"Sistema de Archivos /proc") -> Sistema de Archivos /proc | F28: =IFERROR(__xludf.DUMMYFUNCTION("FILTER('Diseño'!F:F,'Diseño'!H:H=$C$5)"),"Fundamentos, estructura interna y navegación del sistema /proc.") -> Fundamentos, estructura interna y navegación del sistema /proc.
A29: 2 | B29: =IFERROR(__xludf.DUMMYFUNCTION("""COMPUTED_VALUE"""),"Comunicación Kernel-Usuario") -> Comunicación Kernel-Usuario | D29: =IFERROR(__xludf.DUMMYFUNCTION("""COMPUTED_VALUE"""),"Entradas /proc Personalizadas") -> Entradas /proc Personalizadas | F29: =IFERROR(__xludf.DUMMYFUNCTION("""COMPUTED_VALUE"""),"Creación de entradas /proc con la seq_file API.") -> Creación de entradas /proc con la seq_file API.
A30: 3 | B30: =IFERROR(__xludf.DUMMYFUNCTION("""COMPUTED_VALUE"""),"Comunicación Kernel-Usuario") -> Comunicación Kernel-Usuario | D30: =IFERROR(__xludf.DUMMYFUNCTION("""COMPUTED_VALUE"""),"Comunicación Bidireccional") -> Comunicación Bidireccional | F30: =IFERROR(__xludf.DUMMYFUNCTION("""COMPUTED_VALUE"""),"Lectura y escritura en /proc para comunicación bidireccional con el kernel.") -> Lectura y escritura en /proc para comunicación bidireccional con el kernel.
A31: 4 | B31: =IFERROR(__xludf.DUMMYFUNCTION("""COMPUTED_VALUE"""),"Comunicación Kernel-Usuario") -> Comunicación Kernel-Usuario | D31: =IFERROR(__xludf.DUMMYFUNCTION("""COMPUTED_VALUE"""),"Netlink Sockets") -> Netlink Sockets | F31: =IFERROR(__xludf.DUMMYFUNCTION("""COMPUTED_VALUE"""),"Comunicación asíncrona entre el kernel y el espacio de usuario con Netlink.") -> Comunicación asíncrona entre el kernel y el espacio de usuario con Netlink.
A32: 5 | B32: =IFERROR(__xludf.DUMMYFUNCTION("""COMPUTED_VALUE"""),"Comunicación Kernel-Usuario") -> Comunicación Kernel-Usuario | D32: =IFERROR(__xludf.DUMMYFUNCTION("""COMPUTED_VALUE"""),"Diseño de Aplicaciones") -> Diseño de Aplicaciones | F32: =IFERROR(__xludf.DUMMYFUNCTION("""COMPUTED_VALUE"""),"Diseño de un daemon de usuario que consuma métricas del kernel en tiempo real.") -> Diseño de un daemon de usuario que consuma métricas del kernel en tiempo real.
A33: 6 | B33: =IFERROR(__xludf.DUMMYFUNCTION("""COMPUTED_VALUE"""),"Comunicación Kernel-Usuario") -> Comunicación Kernel-Usuario | D33: =IFERROR(__xludf.DUMMYFUNCTION("""COMPUTED_VALUE"""),"Integración de Fuentes") -> Integración de Fuentes | F33: =IFERROR(__xludf.DUMMYFUNCTION("""COMPUTED_VALUE"""),"Integración de múltiples fuentes de datos del kernel en una aplicación de usuario.") -> Integración de múltiples fuentes de datos del kernel en una aplicación de usuario.
A34: 7
A36: 2.2 Recursos Educativos
A38: Tipo de Recurso a utilizar | B38: Tipo | C38: Valor maximo recomendado en Minutos | D38: Tiempo Aproximado ( unicamente el valor de minutos ) | I38: Validacion
A39: Presentacion | B39: Obligatorio | C39: 30 | D39: 25 | I39: =IF(D39<=C39,"Correcto", "Corregir") -> Correcto
A40: Video | B40: Obligatorio | C40: 6 | D40: 5 | I40: =IF(D40<=C40,"Correcto", "Corregir") -> Correcto
A41: Lectura | B41: Optativo | C41: 10 | D41: 0 | I41: =IF(D41<=C41,"Correcto", "Corregir") -> Correcto
A42: Ejercicio Demostrativo | B42: Obligatorio | C42: 30 | D42: 25 | I42: =IF(D42<=C42,"Correcto", "Corregir") -> Correcto
A44: 3. Área de Habilidades (Saber Hacer) | G44: Tiempo Aproximado | H44: =B50 -> 40
G45: Tiene que estar en un rango de 30 a 50 minutos
A46: Actividad 1 (Obligatoria)
A47: Competencia que predomina en la actividad | B47: El estudiante diseña aplicaciones en espacio de usuario integrando llamadas al sistema y el sistema de archivos /proc para generar comunicación eficiente entre el kernel y los procesos de usuario expandiendo las capacidades del sistema operativo
A48: Tipo de Actividad | B48: Cuestionario
A49: Ponderación | B49: 0
A50: Tiempo Aproximado | B50: 40
A51: Coloca el tiempo que usar en la actividad, un tiempo sugerido 30 minutos
A52: Descripcion de la Actividad
A53: Examen corto sobre uso de /proc para monitoreo del sistema.
A57: Actividad 2 (Optativa puedes hacerla si lo consideras apropiado)
A58: Competencia que predomina en la actividad
A59: Tipo de Actividad
A60: Ponderación
A61: Tiempo Aproximado
A62: Coloca el tiempo que usar en la actividad, un tiempo sugerido 20 minutos
A63: Descripcion de la Actividad
A68: 3. Cierre | G68: Tiempo Aproximado | H68: =B70 -> 10
G69: Tiene que estar en un rango de 10 a 15 minutos
A70: Tiempo Aproximado | B70: 10
A71: Asignacion de Actividades
A72: Resolución de dudas.
A74: Resuelve alguna duda, asigna las actividades que deben realizar, dudas de proyectos, etc

Sheet S.10
B2: Diseño de la Sesión de Laboratorio
B4: Curso | C4: ='Diseño'!C4 -> 285 - Sistemas Operativos 2
B5: Semana | C5: 10
B6: Tiempo | C6: =H10+H21+H44+H68 -> 110
B7: Ponderación | C7: =B49+B60 -> 0
B8: Validación de Tiempo | C8: =IF(H44<=0, "❌ ERROR: La Actividad 1 debe tener un tiempo mayor a 0.", IF(H21>60, "❌ ERROR: El 'Área de Conocimiento' no puede exceder los 60 min.", IF((H10+H21+H44)<100, "❌ ERROR: El tiempo total debe ser de al menos 100 min.", "✅ VALIDACIÓN CORRECTA"))) -> ✅ VALIDACIÓN CORRECTA
A10: 1. Área Actitudinal (Saber Ser) | G10: Tiempo Aproximado | H10: =B13 -> 5
G11: Tiene que estar en un rango de 3 a 5 minutos
A12: Nombre del Valor | B12: Ética
A13: Tiempo Aproximado | B13: 5
A14: Descripcion
A15: Guiarse por principios morales que orientan el comportamiento hacia lo correcto, honesto y justo.
A17: Como se relaciona con los conocimientos de la sesion y se aplicaria
A18: El estudiante comprende que el conocimiento de vulnerabilidades del kernel debe usarse de forma responsable y ética, únicamente para proteger sistemas y no para comprometerlos maliciosamente.
A21: 2. Área Conocimiento (Saber) | G21: Tiempo Aproximado | H21: =SUM(D39:H42) -> 55
G22: No puede exceder los 60 minutos
A23: Competencia a desarrollar | B23: El estudiante implementa nuevas llamadas al sistema (syscalls) y servicios personalizados dentro del núcleo, aplicando buenas prácticas de seguridad mediante la modificación del código fuente del kernel de Linux, la creación de módulos y el uso seguro de copy_from_user / copy_to_user para prevenir buffer overflows y escaladas de privilegios para extender la funcionalidad del sistema operativo permitiendo una comunicación eficiente y segura entre el espacio de usuario y el espacio de kernel.
A24: Competencia a desarrollar | B24: El estudiante crea módulos de monitoreo del sistema mediante la lectura e interpretación de estructuras internas del kernel para extraer y exponer métricas de rendimiento como uso de CPU, memoria y procesos activos en tiempo real
A26: 2.1 Contenido
A27: No. | B27: Unidad | D27: Tema | F27: Sub Tema
A28: 1 | B28: =IFERROR(__xludf.DUMMYFUNCTION("FILTER('Diseño'!D:D,'Diseño'!H:H=$C$5)"),"Seguridad en el Kernel y Syscalls") -> Seguridad en el Kernel y Syscalls | D28: =IFERROR(__xludf.DUMMYFUNCTION("FILTER('Diseño'!E:E,'Diseño'!H:H=$C$5)"),"Superficie de Ataque") -> Superficie de Ataque | F28: =IFERROR(__xludf.DUMMYFUNCTION("FILTER('Diseño'!F:F,'Diseño'!H:H=$C$5)"),"Vectores comunes y vulnerabilidades históricas del kernel (CVEs relevantes).") -> Vectores comunes y vulnerabilidades históricas del kernel (CVEs relevantes).
A29: 2 | B29: =IFERROR(__xludf.DUMMYFUNCTION("""COMPUTED_VALUE"""),"Seguridad en el Kernel y Syscalls") -> Seguridad en el Kernel y Syscalls | D29: =IFERROR(__xludf.DUMMYFUNCTION("""COMPUTED_VALUE"""),"Buffer Overflow en Kernel") -> Buffer Overflow en Kernel | F29: =IFERROR(__xludf.DUMMYFUNCTION("""COMPUTED_VALUE"""),"Análisis, demostración controlada y técnicas de mitigación de buffer overflows en módulos.") -> Análisis, demostración controlada y técnicas de mitigación de buffer overflows en módulos.
A30: 3 | B30: =IFERROR(__xludf.DUMMYFUNCTION("""COMPUTED_VALUE"""),"Seguridad en el Kernel y Syscalls") -> Seguridad en el Kernel y Syscalls | D30: =IFERROR(__xludf.DUMMYFUNCTION("""COMPUTED_VALUE"""),"Escalada de Privilegios") -> Escalada de Privilegios | F30: =IFERROR(__xludf.DUMMYFUNCTION("""COMPUTED_VALUE"""),"Explotación de privilege escalation desde espacio de usuario y contramedidas en el kernel.") -> Explotación de privilege escalation desde espacio de usuario y contramedidas en el kernel.
A31: 4 | B31: =IFERROR(__xludf.DUMMYFUNCTION("""COMPUTED_VALUE"""),"Seguridad en el Kernel y Syscalls") -> Seguridad en el Kernel y Syscalls | D31: =IFERROR(__xludf.DUMMYFUNCTION("""COMPUTED_VALUE"""),"Desarrollo Seguro de Syscalls") -> Desarrollo Seguro de Syscalls | F31: =IFERROR(__xludf.DUMMYFUNCTION("""COMPUTED_VALUE"""),"Uso obligatorio de copy_from_user / copy_to_user y validación estricta de parámetros.") -> Uso obligatorio de copy_from_user / copy_to_user y validación estricta de parámetros.
A32: 5 | B32: =IFERROR(__xludf.DUMMYFUNCTION("""COMPUTED_VALUE"""),"Seguridad en el Kernel y Syscalls") -> Seguridad en el Kernel y Syscalls | D32: =IFERROR(__xludf.DUMMYFUNCTION("""COMPUTED_VALUE"""),"Mecanismos de Protección del SO") -> Mecanismos de Protección del SO | F32: =IFERROR(__xludf.DUMMYFUNCTION("""COMPUTED_VALUE"""),"SELinux, AppArmor, cgroups y namespaces: configuración y casos de uso.") -> SELinux, AppArmor, cgroups y namespaces: configuración y casos de uso.
A33: 6 | B33: =IFERROR(__xludf.DUMMYFUNCTION("""COMPUTED_VALUE"""),"Seguridad en el Kernel y Syscalls") -> Seguridad en el Kernel y Syscalls | D33: =IFERROR(__xludf.DUMMYFUNCTION("""COMPUTED_VALUE"""),"Auditoría del Kernel") -> Auditoría del Kernel | F33: =IFERROR(__xludf.DUMMYFUNCTION("""COMPUTED_VALUE"""),"Detección de anomalías y trazado de syscalls con auditd y eBPF.") -> Detección de anomalías y trazado de syscalls con auditd y eBPF.
A34: 7
A36: 2.2 Recursos Educativos
A38: Tipo de Recurso a utilizar | B38: Tipo | C38: Valor maximo recomendado en Minutos | D38: Tiempo Aproximado ( unicamente el valor de minutos ) | I38: Validacion
A39: Presentacion | B39: Obligatorio | C39: 30 | D39: 25 | I39: =IF(D39<=C39,"Correcto", "Corregir") -> Correcto
A40: Video | B40: Obligatorio | C40: 6 | D40: 5 | I40: =IF(D40<=C40,"Correcto", "Corregir") -> Correcto
A41: Lectura | B41: Optativo | C41: 10 | D41: 0 | I41: =IF(D41<=C41,"Correcto", "Corregir") -> Correcto
A42: Ejercicio Demostrativo | B42: Obligatorio | C42: 30 | D42: 25 | I42: =IF(D42<=C42,"Correcto", "Corregir") -> Correcto
A44: 3. Área de Habilidades (Saber Hacer) | G44: Tiempo Aproximado | H44: =B50 -> 40
G45: Tiene que estar en un rango de 30 a 50 minutos
A46: Actividad 1 (Obligatoria)
A47: Competencia que predomina en la actividad | B47: El estudiante implementa nuevas llamadas al sistema (syscalls) y servicios personalizados dentro del núcleo, aplicando buenas prácticas de seguridad mediante la modificación del código fuente del kernel de Linux, la creación de módulos y el uso seguro de copy_from_user / copy_to_user para prevenir buffer overflows y escaladas de privilegios para extender la funcionalidad del sistema operativo permitiendo una comunicación eficiente y segura entre el espacio de usuario y el espacio de kernel.
A48: Tipo de Actividad | B48: Cuestionario
A49: Ponderación | B49: 0
A50: Tiempo Aproximado | B50: 40
A51: Coloca el tiempo que usar en la actividad, un tiempo sugerido 30 minutos
A52: Descripcion de la Actividad
A53: Examen corto sobre vulnerabilidades tipo buffer overflow.
A57: Actividad 2 (Optativa puedes hacerla si lo consideras apropiado)
A58: Competencia que predomina en la actividad
A59: Tipo de Actividad
A60: Ponderación
A61: Tiempo Aproximado
A62: Coloca el tiempo que usar en la actividad, un tiempo sugerido 20 minutos
A63: Descripcion de la Actividad
A68: 3. Cierre | G68: Tiempo Aproximado | H68: =B70 -> 10
G69: Tiene que estar en un rango de 10 a 15 minutos
A70: Tiempo Aproximado | B70: 10
A71: Asignacion de Actividades
A72: Resolución de dudas
A74: Resuelve alguna duda, asigna las actividades que deben realizar, dudas de proyectos, etc

Sheet S.11
B2: Diseño de la Sesión de Laboratorio
B4: Curso | C4: ='Diseño'!C4 -> 285 - Sistemas Operativos 2
B5: Semana | C5: 11
B6: Tiempo | C6: =H10+H21+H44+H68 -> 110
B7: Ponderación | C7: =B49+B60 -> 0
B8: Validación de Tiempo | C8: =IF(H44<=0, "❌ ERROR: La Actividad 1 debe tener un tiempo mayor a 0.", IF(H21>60, "❌ ERROR: El 'Área de Conocimiento' no puede exceder los 60 min.", IF((H10+H21+H44)<100, "❌ ERROR: El tiempo total debe ser de al menos 100 min.", "✅ VALIDACIÓN CORRECTA"))) -> ✅ VALIDACIÓN CORRECTA
A10: 1. Área Actitudinal (Saber Ser) | G10: Tiempo Aproximado | H10: =B13 -> 5
G11: Tiene que estar en un rango de 3 a 5 minutos
A12: Nombre del Valor | B12: Trabajo en Equipo
A13: Tiempo Aproximado | B13: 5
A14: Descripcion
A15: Colaborar y coordinarse con otros para alcanzar objetivos comunes, aportando habilidades individuales en beneficio del grupo.
A17: Como se relaciona con los conocimientos de la sesion y se aplicaria
A18: El estudiante trabaja con sus compañeros para analizar y comparar distintos sistemas operativos, combinando perspectivas para construir criterios de selección más completos.
A21: 2. Área Conocimiento (Saber) | G21: Tiempo Aproximado | H21: =SUM(D39:H42) -> 55
G22: No puede exceder los 60 minutos
A23: Competencia a desarrollar | B23: El estudiante evalúa las capacidades, limitaciones y características de seguridad de distintos sistemas operativos mediante la identificación de sus fortalezas, vulnerabilidades conocidas y mecanismos de protección (SELinux, AppArmor, namespaces) para seleccionarlos y aplicarlos estratégicamente, considerando criterios de seguridad, en proyectos y tareas profesionales.
A24: Competencia a desarrollar | B24: El estudiante describe la arquitectura y los componentes fundamentales de un Sistema Operativo analizando la separación entre el espacio de usuario y el espacio de kernel para establecer las bases conceptuales necesarias para la modificación del sistema.
A26: 2.1 Contenido
A27: No. | B27: Unidad | D27: Tema | F27: Sub Tema
A28: 1 | B28: =IFERROR(__xludf.DUMMYFUNCTION("FILTER('Diseño'!D:D,'Diseño'!H:H=$C$5)"),"Evaluación y Tendencias de Sistemas Operativos") -> Evaluación y Tendencias de Sistemas Operativos | D28: =IFERROR(__xludf.DUMMYFUNCTION("FILTER('Diseño'!E:E,'Diseño'!H:H=$C$5)"),"Arquitecturas de Kernel") -> Arquitecturas de Kernel | F28: =IFERROR(__xludf.DUMMYFUNCTION("FILTER('Diseño'!F:F,'Diseño'!H:H=$C$5)"),"Comparativa: monolítica, microkernel e híbrida — pros, contras y ejemplos.") -> Comparativa: monolítica, microkernel e híbrida — pros, contras y ejemplos.
A29: 2 | B29: =IFERROR(__xludf.DUMMYFUNCTION("""COMPUTED_VALUE"""),"Evaluación y Tendencias de Sistemas Operativos") -> Evaluación y Tendencias de Sistemas Operativos | D29: =IFERROR(__xludf.DUMMYFUNCTION("""COMPUTED_VALUE"""),"Casos de Uso Reales") -> Casos de Uso Reales | F29: =IFERROR(__xludf.DUMMYFUNCTION("""COMPUTED_VALUE"""),"Linux, Windows NT y macOS XNU: fortalezas, limitaciones y postura de seguridad.") -> Linux, Windows NT y macOS XNU: fortalezas, limitaciones y postura de seguridad.
A30: 3 | B30: =IFERROR(__xludf.DUMMYFUNCTION("""COMPUTED_VALUE"""),"Evaluación y Tendencias de Sistemas Operativos") -> Evaluación y Tendencias de Sistemas Operativos | D30: =IFERROR(__xludf.DUMMYFUNCTION("""COMPUTED_VALUE"""),"Sistemas en Tiempo Real") -> Sistemas en Tiempo Real | F30: =IFERROR(__xludf.DUMMYFUNCTION("""COMPUTED_VALUE"""),"RTOS: características, ventajas y aplicaciones industriales y embebidas.") -> RTOS: características, ventajas y aplicaciones industriales y embebidas.
A31: 4 | B31: =IFERROR(__xludf.DUMMYFUNCTION("""COMPUTED_VALUE"""),"Evaluación y Tendencias de Sistemas Operativos") -> Evaluación y Tendencias de Sistemas Operativos | D31: =IFERROR(__xludf.DUMMYFUNCTION("""COMPUTED_VALUE"""),"Virtualización Ligera") -> Virtualización Ligera | F31: =IFERROR(__xludf.DUMMYFUNCTION("""COMPUTED_VALUE"""),"Contenedores (Docker, LXC) e impacto en el rol del SO moderno.") -> Contenedores (Docker, LXC) e impacto en el rol del SO moderno.
A32: 5 | B32: =IFERROR(__xludf.DUMMYFUNCTION("""COMPUTED_VALUE"""),"Evaluación y Tendencias de Sistemas Operativos") -> Evaluación y Tendencias de Sistemas Operativos | D32: =IFERROR(__xludf.DUMMYFUNCTION("""COMPUTED_VALUE"""),"Tendencias Emergentes") -> Tendencias Emergentes | F32: =IFERROR(__xludf.DUMMYFUNCTION("""COMPUTED_VALUE"""),"Unikernels, SO en la nube y SO seguros por diseño (Qubes OS, seL4).") -> Unikernels, SO en la nube y SO seguros por diseño (Qubes OS, seL4).
A33: 6 | B33: =IFERROR(__xludf.DUMMYFUNCTION("""COMPUTED_VALUE"""),"Evaluación y Tendencias de Sistemas Operativos") -> Evaluación y Tendencias de Sistemas Operativos | D33: =IFERROR(__xludf.DUMMYFUNCTION("""COMPUTED_VALUE"""),"Criterios de Selección") -> Criterios de Selección | F33: =IFERROR(__xludf.DUMMYFUNCTION("""COMPUTED_VALUE"""),"Rendimiento, seguridad y mantenibilidad como ejes para elegir un SO en proyectos de ingeniería.") -> Rendimiento, seguridad y mantenibilidad como ejes para elegir un SO en proyectos de ingeniería.
A34: 7
A36: 2.2 Recursos Educativos
A38: Tipo de Recurso a utilizar | B38: Tipo | C38: Valor maximo recomendado en Minutos | D38: Tiempo Aproximado ( unicamente el valor de minutos ) | I38: Validacion
A39: Presentacion | B39: Obligatorio | C39: 30 | D39: 25 | I39: =IF(D39<=C39,"Correcto", "Corregir") -> Correcto
A40: Video | B40: Obligatorio | C40: 6 | D40: 5 | I40: =IF(D40<=C40,"Correcto", "Corregir") -> Correcto
A41: Lectura | B41: Optativo | C41: 10 | D41: 0 | I41: =IF(D41<=C41,"Correcto", "Corregir") -> Correcto
A42: Ejercicio Demostrativo | B42: Obligatorio | C42: 30 | D42: 25 | I42: =IF(D42<=C42,"Correcto", "Corregir") -> Correcto
A44: 3. Área de Habilidades (Saber Hacer) | G44: Tiempo Aproximado | H44: =B50 -> 40
G45: Tiene que estar en un rango de 30 a 50 minutos
A46: Actividad 1 (Obligatoria)
A47: Competencia que predomina en la actividad | B47: El estudiante evalúa las capacidades, limitaciones y características de seguridad de distintos sistemas operativos mediante la identificación de sus fortalezas, vulnerabilidades conocidas y mecanismos de protección (SELinux, AppArmor, namespaces) para seleccionarlos y aplicarlos estratégicamente, considerando criterios de seguridad, en proyectos y tareas profesionales.
A48: Tipo de Actividad | B48: Cuestionario
A49: Ponderación | B49: 0
A50: Tiempo Aproximado | B50: 40
A51: Coloca el tiempo que usar en la actividad, un tiempo sugerido 30 minutos
A52: Descripcion de la Actividad
A53: Examen corto sobre diferencias entre Linux, Windows y RTOS.
A57: Actividad 2 (Optativa puedes hacerla si lo consideras apropiado)
A58: Competencia que predomina en la actividad
A59: Tipo de Actividad
A60: Ponderación
A61: Tiempo Aproximado
A62: Coloca el tiempo que usar en la actividad, un tiempo sugerido 20 minutos
A63: Descripcion de la Actividad
A68: 3. Cierre | G68: Tiempo Aproximado | H68: =B70 -> 10
G69: Tiene que estar en un rango de 10 a 15 minutos
A70: Tiempo Aproximado | B70: 10
A71: Asignacion de Actividades
A72: Resolución de dudas
A74: Resuelve alguna duda, asigna las actividades que deben realizar, dudas de proyectos, etc

Sheet Proyectos
B2: Proyectos
B4: Curso | C4: ='Diseño'!C4 -> 285 - Sistemas Operativos 2
B5: Tiempo | C5: =H9+H26+H43 -> 50
B6: Ponderación | C6: =F9+F26+F43 -> 60
B7: La sumatoria de los puntos de los proyectos debe superar el 60% del total de la nota, no puede ser un 100%
A9: 1. Primer Proyecto | E9: Ponderación | F9: 60 | G9: Horas para realizarlo | H9: 50
A10: Obligatorio
A11: Competencia a desarrollar | B11: El estudiante implementa nuevas llamadas al sistema (syscalls) y servicios personalizados dentro del núcleo, aplicando buenas prácticas de seguridad mediante la modificación del código fuente del kernel de Linux, la creación de módulos y el uso seguro de copy_from_user / copy_to_user para prevenir buffer overflows y escaladas de privilegios para extender la funcionalidad del sistema operativo permitiendo una comunicación eficiente y segura entre el espacio de usuario y el espacio de kernel.
A12: Competencia a desarrollar | B12: El estudiante desarrolla aplicaciones multihilo que gestionan de forma segura el acceso a recursos compartidos mediante la implementación de la API de PThreads y el uso de primitivas de sincronización como mutexes y semáforos para evitar condiciones de carrera, asegurar la consistencia de datos y prevenir interbloqueos (deadlocks).
A13: Competencia a desarrollar | B13: El estudiante analiza la asignación de memoria física y lógica junto con el mapeo de direcciones en el sistema mediante el empleo de la MMU, tablas de páginas y algoritmos de reemplazo como FIFO o LRU para garantizar el aislamiento de procesos, prevenir la fragmentación y minimizar los fallos de página.
A14: Titulo | B14: Sistema Integral de Monitoreo, Análisis y Respuesta de Seguridad a Nivel Kernel
A15: Qué tecnologías, lenguajes de programación, plataformas, hardware o software se utilizaran
A16: VMWare, LinuxMint, Lenguaje C, HTML, CSS, Javascript, GCC, herramientas de compilación (build-essential, libncurses-dev, bison, flex), GitLab
A19: Descripción de lo que se realizara
A20: Diseñar e implementar un sistema integral de monitoreo y análisis de seguridad a nivel kernel, que permita recolectar métricas del sistema, analizar procesos y archivos mediante llamadas al sistema personalizadas, detectando amenazas simuladas utilizando un mecanismo de firmas basado en hashes. Se logrará mediante la implementación de syscalls en el kernel de Linux para la recolección de métricas y análisis de archivos, el desarrollo de un programa en espacio de usuario en C que procese la información y la envíe a un programa intermedio en C, y la construcción de un dashboard web que permita la visualización y gestión del sistema, incluyendo autenticación mediante PAM.
A26: 2. Segundo Proyecto | E26: Ponderación | G26: Horas para realizarlo
A27: Obligatorio
A28: Competencia a desarrollar
A29: Competencia a desarrollar
A30: Competencia a desarrollar
A31: Titulo
A32: Qué tecnologías, lenguajes de programación, plataformas, hardware o software se utilizaran
A36: Descripción de lo que se realizara
A43: 3. Tercer Proyecto | E43: Ponderación | G43: Horas para realizarlo
A44: Optativa
A45: Competencia a desarrollar
A46: Competencia a desarrollar
A47: Competencia a desarrollar
A48: Titulo
A49: Qué tecnologías, lenguajes de programación, plataformas, hardware o software se utilizaran
A53: Descripción de lo que se realizara

Sheet Practicas
B2: Practicas
B4: Curso | C4: ='Diseño'!C4 -> 285 - Sistemas Operativos 2
B5: Tiempo | C5: =H9+H26+H43+H60+H77+H94+H111 -> 17
B6: Ponderación | C6: =F9+F26+F43+F60+F77+F94+F111 -> 30
B7: La sumatoria de los puntos de los practicas debe no debe super el 20%
A9: 1. Primera Practica | E9: Ponderación | F9: 5 | G9: Horas para realizarlo | H9: 3
A10: Obligatoria
A11: Competencia a desarrollar | B11: El estudiante evalúa las capacidades, limitaciones y características de seguridad de distintos sistemas operativos mediante la identificación de sus fortalezas, vulnerabilidades conocidas y mecanismos de protección (SELinux, AppArmor, namespaces) para seleccionarlos y aplicarlos estratégicamente, considerando criterios de seguridad, en proyectos y tareas profesionales.
A12: Competencia a desarrollar | B12: El estudiante diseña aplicaciones en espacio de usuario integrando llamadas al sistema y el sistema de archivos /proc para generar comunicación eficiente entre el kernel y los procesos de usuario expandiendo las capacidades del sistema operativo
A13: Competencia a desarrollar
A14: Titulo | B14: Modificación de funciones del kernel
A15: Qué tecnologías, lenguajes de programación, plataformas, hardware o software se utilizaran
A16: VMWare, LinuxMint, GitLab
A19: Descripción de lo que se realizara
A20: Esta práctica tiene como objetivo que los estudiantes comprendan la estructura interna del kernel de Linux y su proceso de compilación mediante la modificación de una llamada al sistema real. En este caso, se añadirá un contador que registre cuántas veces se ha invocado la función sys_getpid(), demostrando cómo los cambios en el código del kernel pueden alterar su comportamiento.
A26: 2. Segunda Practica | E26: Ponderación | F26: 5 | G26: Horas para realizarlo | H26: 4
A27: Optativa
A28: Competencia a desarrollar | B28: El estudiante implementa nuevas llamadas al sistema (syscalls) y servicios personalizados dentro del núcleo, aplicando buenas prácticas de seguridad mediante la modificación del código fuente del kernel de Linux, la creación de módulos y el uso seguro de copy_from_user / copy_to_user para prevenir buffer overflows y escaladas de privilegios para extender la funcionalidad del sistema operativo permitiendo una comunicación eficiente y segura entre el espacio de usuario y el espacio de kernel.
A29: Competencia a desarrollar | B29: El estudiante describe la arquitectura y los componentes fundamentales de un Sistema Operativo analizando la separación entre el espacio de usuario y el espacio de kernel para establecer las bases conceptuales necesarias para la modificación del sistema.
A30: Competencia a desarrollar
A31: Titulo | B31: Creación de una nueva llamada al sistema
A32: Qué tecnologías, lenguajes de programación, plataformas, hardware o software se utilizaran
A33: Linux Mint, kernel Linux, lenguaje C, editor de texto, terminal.
A36: Descripción de lo que se realizara
A37: El estudiante diseñará e implementará una syscall personalizada en el kernel. Se probará su funcionamiento desde un programa de usuario y se analizará cómo el kernel controla la interacción con aplicaciones externas.
A43: 3. Tercera Practica | E43: Ponderación | F43: 10 | G43: Horas para realizarlo | H43: 5
A44: Optativa
A45: Competencia a desarrollar | B45: El estudiante diseña aplicaciones en espacio de usuario integrando llamadas al sistema y el sistema de archivos /proc para generar comunicación eficiente entre el kernel y los procesos de usuario expandiendo las capacidades del sistema operativo
A46: Competencia a desarrollar | B46: El estudiante implementa nuevas llamadas al sistema (syscalls) y servicios personalizados dentro del núcleo, aplicando buenas prácticas de seguridad mediante la modificación del código fuente del kernel de Linux, la creación de módulos y el uso seguro de copy_from_user / copy_to_user para prevenir buffer overflows y escaladas de privilegios para extender la funcionalidad del sistema operativo permitiendo una comunicación eficiente y segura entre el espacio de usuario y el espacio de kernel.
A47: Competencia a desarrollar | B47: El estudiante describe la arquitectura y los componentes fundamentales de un Sistema Operativo analizando la separación entre el espacio de usuario y el espacio de kernel para establecer las bases conceptuales necesarias para la modificación del sistema.
A48: Titulo | B48: Programas de usuario usando la syscall
A49: Qué tecnologías, lenguajes de programación, plataformas, hardware o software se utilizaran
A50: Linux Mint, kernel Linux con syscall implementada, lenguaje C, terminal.
A53: Descripción de lo que se realizara
A54: El estudiante desarrollará programas de usuario que invocan una nueva syscall incluyendo la syscall creada en la practica anterior, manejando errores y utilizando adecuadamente los recursos del sistema para lograr tareas concretas.
A60: 4. Cuarta Practica | E60: Ponderación | F60: 10 | G60: Horas para realizarlo | H60: 5
A61: Optativa
A62: Competencia a desarrollar | B62: El estudiante crea módulos de monitoreo del sistema mediante la lectura e interpretación de estructuras internas del kernel para extraer y exponer métricas de rendimiento como uso de CPU, memoria y procesos activos en tiempo real
A63: Competencia a desarrollar | B63: El estudiante desarrolla aplicaciones multihilo que gestionan de forma segura el acceso a recursos compartidos mediante la implementación de la API de PThreads y el uso de primitivas de sincronización como mutexes y semáforos para evitar condiciones de carrera, asegurar la consistencia de datos y prevenir interbloqueos (deadlocks).
A64: Competencia a desarrollar | B64: El estudiante diseña aplicaciones en espacio de usuario integrando llamadas al sistema y el sistema de archivos /proc para generar comunicación eficiente entre el kernel y los procesos de usuario expandiendo las capacidades del sistema operativo
A65: Titulo | B65: Autenticación, Control de Acceso y Auditoría en el Kernel Linux
A66: Qué tecnologías, lenguajes de programación, plataformas, hardware o software se utilizaran
A67: Linux Mint / Ubuntu, kernel Linux (LKM), lenguaje C, PAM (libpam), SELinux / AppArmor, auditd, eBPF (bpftrace), GitLab, terminal.
A70: Descripción de lo que se realizara
A71: El estudiante implementa autenticación con PAM, desarrolla una syscall que valida UID/GID para controlar privilegios, aplica confinamiento con AppArmor/SELinux y realiza auditoría con auditd y eBPF para monitorear y registrar invocaciones al sistema.
A77: 5. Quinta Practica | E77: Ponderación | G77: Horas para realizarlo
A78: Optativa
A79: Competencia a desarrollar
A80: Competencia a desarrollar
A81: Competencia a desarrollar
A82: Titulo
A83: Qué tecnologías, lenguajes de programación, plataformas, hardware o software se utilizaran
A87: Descripción de lo que se realizara
A94: 6. Sexta Practica | E94: Ponderación | G94: Horas para realizarlo
A95: Optativa
A96: Competencia a desarrollar
A97: Competencia a desarrollar
A98: Competencia a desarrollar
A99: Titulo
A100: Qué tecnologías, lenguajes de programación, plataformas, hardware o software se utilizaran
A104: Descripción de lo que se realizara
A111: 7. Septima Practica | E111: Ponderación | G111: Horas para realizarlo
A112: Optativa
A113: Competencia a desarrollar
A114: Competencia a desarrollar
A115: Competencia a desarrollar
A116: Titulo
A117: Qué tecnologías, lenguajes de programación, plataformas, hardware o software se utilizaran
A121: Descripción de lo que se realizara

Sheet Tareas
B2: Tareas
B4: Curso | C4: ='Diseño'!C4 -> 285 - Sistemas Operativos 2
B5: Tiempo | C5: =H9+H26+H43+H60+H77+H94+H111+H128 -> 7
B6: Ponderación | C6: =F9+F26+F43+F60+F77+F94+F111+F128 -> 10
B7: La sumatoria de los puntos de los practicas debe no debe super el 10% de la nota
A9: Tarea de fortalecimiento académico | E9: Ponderación | F9: 3 | G9: Horas para realizarlo | H9: 2
A10: Obligatoria se debe dejar en la sesion de diagnistico
A11: Competencia a desarrollar
A12: Competencia a desarrollar
A13: Competencia a desarrollar
A14: Titulo | B14: Instalación y Configuración de un entorno de virtualizador con un sistema operativo GNU/Linux
A15: Qué tecnologías, lenguajes de programación, plataformas, hardware o software se utilizaran
A16: VMWare, LinuxMint, GitLab
A19: Que conocimientos base y competencias esenciales se deben reforzar que permitan al estudiante afrontar con mayor solidez los contenidos del curso
A20: El estudiante instalará y configurará un entorno de virtualización utilizando VMWare, creando una maquina virtual con una distribución Linux Mint, ajustando el número de CPUs, cantidad de memoria RAM, espacio de almacenamiento, usuarios y configuración de red en estado Bridge o NAT.
A26: 1. Primera Tarea | E26: Ponderación | F26: 3 | G26: Horas para realizarlo | H26: 2
A27: Obligatoria
A28: Competencia a desarrollar
A29: Competencia a desarrollar
A30: Competencia a desarrollar
A31: Titulo | B31: Desarrollo y gestión de módulos Cargables del kernel (LKM)
A32: Qué tecnologías, lenguajes de programación, plataformas, hardware o software se utilizaran
A33: Linux Mint, kernel Linux, lenguaje C, herramientas de compilación y depuración.
A36: Descripción de lo que se realizara
A37: VMWare, LinuxMint, GCC, Make, Kernel headers, utilidades de módulos (insmod, rmmod, lsmod, dmesg), GitLab
A43: 2. Segunda Tarea | E43: Ponderación | F43: 4 | G43: Horas para realizarlo | H43: 3
A44: Obligatoria
A45: Competencia a desarrollar
A46: Competencia a desarrollar
A47: Competencia a desarrollar
A48: Titulo | B48: Instalación, verificación de herramientas de compilación y exploración del kernel
A49: Qué tecnologías, lenguajes de programación, plataformas, hardware o software se utilizaran
A50: GCC, make, GDB, librerías de desarrollo de C, Linux Mint.
A53: Descripción de lo que se realizara
A54: El estudiante instalará y configurará herramientas de compilación y depuración. Se probará la compilación del kernel linux sin realizar mayores modificaciones.
A60: 3. Tercera Tarea | E60: Ponderación | G60: Horas para realizarlo
A61: Optativa
A62: Competencia a desarrollar
A63: Competencia a desarrollar
A64: Competencia a desarrollar
A65: Titulo
A66: Qué tecnologías, lenguajes de programación, plataformas, hardware o software se utilizaran
A70: Descripción de lo que se realizara
A77: 4. Cuarta Tarea | E77: Ponderación | G77: Horas para realizarlo
A78: Optativa
A79: Competencia a desarrollar
A80: Competencia a desarrollar
A81: Competencia a desarrollar
A82: Titulo
A83: Qué tecnologías, lenguajes de programación, plataformas, hardware o software se utilizaran
A87: Descripción de lo que se realizara
A94: 5. Quinta Tarea | E94: Ponderación | G94: Horas para realizarlo
A95: Optativa
A96: Competencia a desarrollar
A97: Competencia a desarrollar
A98: Competencia a desarrollar
A99: Titulo
A100: Qué tecnologías, lenguajes de programación, plataformas, hardware o software se utilizaran
A104: Descripción de lo que se realizara
A111: 6. Sexta Tarea | E111: Ponderación | G111: Horas para realizarlo
A112: Optativa
A113: Competencia a desarrollar
A114: Competencia a desarrollar
A115: Competencia a desarrollar
A116: Titulo
A117: Qué tecnologías, lenguajes de programación, plataformas, hardware o software se utilizaran
A121: Descripción de lo que se realizara
A128: 7. Septima Tarea | E128: Ponderación | G128: Horas para realizarlo
A129: Optativa
A130: Competencia a desarrollar
A131: Competencia a desarrollar
A132: Competencia a desarrollar
A133: Titulo
A134: Qué tecnologías, lenguajes de programación, plataformas, hardware o software se utilizaran
A138: Descripción de lo que se realizara

Sheet Metadata
A1: Codigo-Nombre | B1: Competencias | C1: Competencias relacionadas al perfil del egresado (Especifica) | D1: Competencias relacionadas al perfil del egresado (General)
A2: 17 - Área Social Humanística 1 | B2: =Competencias!C13 -> El estudiante describe la arquitectura y los componentes fundamentales de un Sistema Operativo analizando la separación entre el espacio de usuario y el espacio de kernel para establecer las bases conceptuales necesarias para la modificación del sistema. | C2: Aplica los conocimientos de su disciplina en la elaboración, fundamentación y defensa de argumentos para prevenir y resolver problemas complejos en su campo profesional, identificando y aplicando innovaciones. | D2: Aplica principios básicos de ingeniería, ciencias de computación y sistemas de información y comunicación, en la formulación y resolución adecuada de problemas complejos.
A3: 101 - Área Matemática Básica 1 | B3: =Competencias!C15 -> El estudiante crea módulos de monitoreo del sistema mediante la lectura e interpretación de estructuras internas del kernel para extraer y exponer métricas de rendimiento como uso de CPU, memoria y procesos activos en tiempo real | C3: Identifica oportunidades y riesgos para la innovación y adaptación de conocimientos y tecnologías para resolver problemas. | D3: Aplica estándares de calidad, eficiencia y seguridad en la implementación adecuada de soluciones de software, hardware y TIC en general.
A4: 5 - Técnicas de Estudio e Investigación | B4: =Competencias!C17 -> El estudiante desarrolla aplicaciones multihilo que gestionan de forma segura el acceso a recursos compartidos mediante la implementación de la API de PThreads y el uso de primitivas de sincronización como mutexes y semáforos para evitar condiciones de carrera, asegurar la consistencia de datos y prevenir interbloqueos (deadlocks). | C4: Demuestra pensamiento crítico, actitud investigativa y rigor analítico en el planteamiento y la resolución de problemas complejos. | D4: Aplica conocimientos tecnológicos con ética profesional y respetando y cuidando los recursos naturales, humanos y financieros.
A5: 39 - Deportes 1 | B5: =Competencias!C19 -> El estudiante analiza la asignación de memoria física y lógica junto con el mapeo de direcciones en el sistema mediante el empleo de la MMU, tablas de páginas y algoritmos de reemplazo como FIFO o LRU para garantizar el aislamiento de procesos, prevenir la fragmentación y minimizar los fallos de página. | C5: Toma decisiones profesionales con base en fundamentos teóricos, datos e información pertinente, válida y confiable. | D5: Maneja e Interpreta adecuadamente datos masivos, sean estos estructurados o no estructurados, facilitando su visualización e interpretación de forma eficaz en apoyo a la toma de decisiones.
A6: 6 - Idioma Tecnico 1 | B6: =Competencias!C21 -> El estudiante evalúa las capacidades, limitaciones y características de seguridad de distintos sistemas operativos mediante la identificación de sus fortalezas, vulnerabilidades conocidas y mecanismos de protección (SELinux, AppArmor, namespaces) para seleccionarlos y aplicarlos estratégicamente, considerando criterios de seguridad, en proyectos y tareas profesionales. | C6: Demuestra destreza y habilidad en la selección, uso y adaptación de herramientas metodológicas, tecnológicas, equipos especializados y en la lectura e interpretación de datos, pertinentes al contexto de su ejercicio profesional. | D6: Domina diversos recursos de comunicación con el objetivo de presentar adecuadamente sus propuestas a variados tipos de audiencias, en idioma español, inglés e idealmente en un tercer idioma acorde a las necesidades globales.
A7: 19 - Área Social Humanística 2 | B7: =Competencias!C23 -> El estudiante implementa nuevas llamadas al sistema (syscalls) y servicios personalizados dentro del núcleo, aplicando buenas prácticas de seguridad mediante la modificación del código fuente del kernel de Linux, la creación de módulos y el uso seguro de copy_from_user / copy_to_user para prevenir buffer overflows y escaladas de privilegios para extender la funcionalidad del sistema operativo permitiendo una comunicación eficiente y segura entre el espacio de usuario y el espacio de kernel. | C7: Identifica sus necesidades de actualización, capacitación y formación, durante su proceso formativo y en el ejercicio profesional, y busca los medios para cubrirlas por medios formales e informales, nacionales e internacionales, presenciales y en línea. | D7: Construye soluciones integrales trabajando en forma colaborativa y propositiva en equipos interdisciplinarios, en forma presencial o utilizando plataformas virtuales.
A8: 103 - Área Matemática Básica 2 | B8: =Competencias!C25 -> El estudiante diseña aplicaciones en espacio de usuario integrando llamadas al sistema y el sistema de archivos /proc para generar comunicación eficiente entre el kernel y los procesos de usuario expandiendo las capacidades del sistema operativo | C8: Comunica a diversos públicos, información de su campo profesional, en varios lenguajes y formatos de manera asertiva, clara, rigurosa y precisa, con el uso apropiado de recursos tecnológicos. | D8: Actualiza permanente sus conocimientos relacionados con TIC en general, apoyándose en las estrategias de aprendizaje apropiadas.
A9: 960 - Matemática Para Computación 1 | C9: Se comunica correctamente en su lengua oficial y utiliza una lengua extranjera con el dominio requerido para el ejercicio de su profesión.
A10: 147 - Física Básica | C10: Lidera y colabora proactivamente en equipos de trabajo y en comunidades profesionales para el logro de objetivos y mejoramiento de la calidad de vida.
A11: 40 - Deportes 2
A12: 8 - Idioma Técnico 2
A13: 795 - Logica de Sitemas
A14: 962 - Matemática Para Computación 2
A15: 770 - Introducción a ala programación y computación 1
A16: 107 - Área Matemática Intermedia 1
A17: 150 - Fisica 1
A18: 1 - Ética Profesional
A19: 9 - Idioma Técnico 3
A20: 796 - Lenguajes Formales y de Programación
A21: 771 - Introducción a la Programación y Computación 2
A22: 112 - Área Matemática Intermedia 2
... A81: 0089 - Comunicación Asertiva
